"number","org.Ks","org.vwc_s","org.vwc_r","org.VG_alpha","org.VG_n","org.thermcond","org.thermcap","min.Ks","min.vwc_s","min.vwc_r","min.VG_alpha","min.VG_n","min.thermcond","min.thermcap","RMSE","NRMSE","NSE","R2","period","var","fire"
"0001",0.168871840273815,0.84,0.04,0.000791901671466767,4.20023853788101,0.235649827121524,2857849.21008535,0.021,0.56,0.07,0.00241,1.33,1.62,2e+06,287.382024761574,0.641322338245685,-2.36408439133494,0.878656198054407,"cal","Thaw Depth","Unburned"
"0001",0.168871840273815,0.84,0.04,0.000791901671466767,4.20023853788101,0.235649827121524,2857849.21008535,0.021,0.56,0.07,0.00241,1.33,1.62,2e+06,5.9173450880144,0.527714985247396,-5.51047303229481,0.767899745848423,"cal","Tower Soil Temp","Unburned"
"0001",0.168871840273815,0.84,0.04,0.000791901671466767,4.20023853788101,0.235649827121524,2857849.21008535,0.021,0.56,0.07,0.00241,1.33,1.62,2e+06,0.251042780000591,0.39460592273121,-0.293529718704883,0.618482529696485,"cal","Tower VWC","Unburned"
"0001",0.168871840273815,0.84,0.04,0.000791901671466767,4.20023853788101,0.235649827121524,2857849.21008535,0.021,0.56,0.07,0.00241,1.33,1.62,2e+06,220.908668750025,0.433825809431574,-0.66564921790662,0.949439742050894,"val","Thaw Depth","Unburned"
"0001",0.168871840273815,0.84,0.04,0.000791901671466767,4.20023853788101,0.235649827121524,2857849.21008535,0.021,0.56,0.07,0.00241,1.33,1.62,2e+06,5.15460537570979,0.289874989495645,-0.0684032480993133,0.724412871777017,"val","Tower Soil Temp","Unburned"
"0001",0.168871840273815,0.84,0.04,0.000791901671466767,4.20023853788101,0.235649827121524,2857849.21008535,0.021,0.56,0.07,0.00241,1.33,1.62,2e+06,0.138360811819435,0.213646294112346,0.653200203320214,0.894018796166903,"val","Tower VWC","Unburned"
"0001",0.168871840273815,0.84,0.04,0.000791901671466767,4.20023853788101,0.235649827121524,2857849.21008535,0.021,0.56,0.07,0.00241,1.33,1.62,2e+06,3.25954268706944,0.209014548079333,0.415563083316059,0.903651829307043,"cal","Tower Soil Temp","Severe"
"0001",0.168871840273815,0.84,0.04,0.000791901671466767,4.20023853788101,0.235649827121524,2857849.21008535,0.021,0.56,0.07,0.00241,1.33,1.62,2e+06,0.354650681758961,0.758118509650598,-5.95786657622431,0.586959895486984,"cal","Tower VWC","Severe"
"0001",0.168871840273815,0.84,0.04,0.000791901671466767,4.20023853788101,0.235649827121524,2857849.21008535,0.021,0.56,0.07,0.00241,1.33,1.62,2e+06,171.553721995608,0.283736181376806,0.249860854596439,0.931054580891639,"val","Thaw Depth","Severe"
"0001",0.168871840273815,0.84,0.04,0.000791901671466767,4.20023853788101,0.235649827121524,2857849.21008535,0.021,0.56,0.07,0.00241,1.33,1.62,2e+06,4.06977641997824,0.153060850953317,0.666053526647971,0.756310805222692,"val","Tower Soil Temp","Severe"
"0001",0.168871840273815,0.84,0.04,0.000791901671466767,4.20023853788101,0.235649827121524,2857849.21008535,0.021,0.56,0.07,0.00241,1.33,1.62,2e+06,0.275698741074032,0.622813421100975,-1.25516260292601,0.403989088740301,"val","Tower VWC","Severe"
"0001",0.168871840273815,0.84,0.04,0.000791901671466767,4.20023853788101,0.235649827121524,2857849.21008535,0.021,0.56,0.07,0.00241,1.33,1.62,2e+06,228.032750428474,0.483824797011286,-1.24375476515299,0.95123939890268,"cal","Thaw Depth","Moderate"
"0001",0.168871840273815,0.84,0.04,0.000791901671466767,4.20023853788101,0.235649827121524,2857849.21008535,0.021,0.56,0.07,0.00241,1.33,1.62,2e+06,4.32214590237917,0.291685212457391,-0.322702217195989,0.70180011156406,"cal","Tower Soil Temp","Moderate"
"0001",0.168871840273815,0.84,0.04,0.000791901671466767,4.20023853788101,0.235649827121524,2857849.21008535,0.021,0.56,0.07,0.00241,1.33,1.62,2e+06,0.231704294358355,0.300536314245108,0.146058234589956,0.623094392215016,"cal","Tower VWC","Moderate"
"0001",0.168871840273815,0.84,0.04,0.000791901671466767,4.20023853788101,0.235649827121524,2857849.21008535,0.021,0.56,0.07,0.00241,1.33,1.62,2e+06,165.40732805759,0.278056999167813,0.277224931436158,0.956335534599506,"val","Thaw Depth","Moderate"
"0001",0.168871840273815,0.84,0.04,0.000791901671466767,4.20023853788101,0.235649827121524,2857849.21008535,0.021,0.56,0.07,0.00241,1.33,1.62,2e+06,3.65454085116559,0.171812476046121,0.560269428763057,0.776004126320172,"val","Tower Soil Temp","Moderate"
"0001",0.168871840273815,0.84,0.04,0.000791901671466767,4.20023853788101,0.235649827121524,2857849.21008535,0.021,0.56,0.07,0.00241,1.33,1.62,2e+06,0.346456163708161,0.435559928706846,-0.0106624452005875,0.33915127966269,"val","Tower VWC","Moderate"
"0001",0.168871840273815,0.84,0.04,0.000791901671466767,4.20023853788101,0.235649827121524,2857849.21008535,0.021,0.56,0.07,0.00241,1.33,1.62,2e+06,216.052662759436,0.428736680174643,-0.805818032738806,0.939842854961199,"cal","Thaw Depth","Severe"
"0002",0.919280008652234,0.84,0.04,0.00200394974652352,4.40091043081891,0.26294781526376,2722991.42090883,0.021,0.56,0.07,0.00241,1.33,1.62,2e+06,157.506275382867,0.260502824422326,0.36767949852635,0.915362780276837,"val","Thaw Depth","Severe"
"0002",0.919280008652234,0.84,0.04,0.00200394974652352,4.40091043081891,0.26294781526376,2722991.42090883,0.021,0.56,0.07,0.00241,1.33,1.62,2e+06,172.332190989893,0.341977416563926,-0.148914097277034,0.942437896193772,"cal","Thaw Depth","Severe"
"0002",0.919280008652234,0.84,0.04,0.00200394974652352,4.40091043081891,0.26294781526376,2722991.42090883,0.021,0.56,0.07,0.00241,1.33,1.62,2e+06,2.99037981149184,0.191754778166896,0.508099800044511,0.885096822336365,"cal","Tower Soil Temp","Severe"
"0002",0.919280008652234,0.84,0.04,0.00200394974652352,4.40091043081891,0.26294781526376,2722991.42090883,0.021,0.56,0.07,0.00241,1.33,1.62,2e+06,0.292938611327543,0.626199792813851,-3.74709294825544,0.521794585792775,"cal","Tower VWC","Severe"
"0002",0.919280008652234,0.84,0.04,0.00200394974652352,4.40091043081891,0.26294781526376,2722991.42090883,0.021,0.56,0.07,0.00241,1.33,1.62,2e+06,NA,NA,NA,NA,"fail","fail","Moderate"
"0002",0.919280008652234,0.84,0.04,0.00200394974652352,4.40091043081891,0.26294781526376,2722991.42090883,0.021,0.56,0.07,0.00241,1.33,1.62,2e+06,NA,NA,NA,NA,"fail","fail","Unburned"
"0002",0.919280008652234,0.84,0.04,0.00200394974652352,4.40091043081891,0.26294781526376,2722991.42090883,0.021,0.56,0.07,0.00241,1.33,1.62,2e+06,3.48108028515361,0.130920486950307,0.75567728914602,0.80330556781734,"val","Tower Soil Temp","Severe"
"0002",0.919280008652234,0.84,0.04,0.00200394974652352,4.40091043081891,0.26294781526376,2722991.42090883,0.021,0.56,0.07,0.00241,1.33,1.62,2e+06,0.20993654949617,0.474254253379901,-0.307628582312977,0.381458341253735,"val","Tower VWC","Severe"
"0003",1.00441915599343,0.84,0.04,0.00137922496357013,1.81574350066062,0.224599569191341,2578131.76633744,0.021,0.56,0.07,0.00241,1.33,1.62,2e+06,4.2052843431701,0.236488861115731,0.288892781081633,0.853956747479151,"val","Tower Soil Temp","Unburned"
"0003",1.00441915599343,0.84,0.04,0.00137922496357013,1.81574350066062,0.224599569191341,2578131.76633744,0.021,0.56,0.07,0.00241,1.33,1.62,2e+06,5.04384101301457,0.449814983946854,-3.73022203979135,0.677859021523082,"cal","Tower Soil Temp","Unburned"
"0003",1.00441915599343,0.84,0.04,0.00137922496357013,1.81574350066062,0.224599569191341,2578131.76633744,0.021,0.56,0.07,0.00241,1.33,1.62,2e+06,0.250401144393054,0.393597356737124,-0.286925951264257,0.591535892496972,"cal","Tower VWC","Unburned"
"0003",1.00441915599343,0.84,0.04,0.00137922496357013,1.81574350066062,0.224599569191341,2578131.76633744,0.021,0.56,0.07,0.00241,1.33,1.62,2e+06,171.27616864796,0.336356300187208,-0.00127162105298195,0.940483397596166,"val","Thaw Depth","Unburned"
"0003",1.00441915599343,0.84,0.04,0.00137922496357013,1.81574350066062,0.224599569191341,2578131.76633744,0.021,0.56,0.07,0.00241,1.33,1.62,2e+06,NA,NA,NA,NA,"fail","fail","Severe"
"0003",1.00441915599343,0.84,0.04,0.00137922496357013,1.81574350066062,0.224599569191341,2578131.76633744,0.021,0.56,0.07,0.00241,1.33,1.62,2e+06,0.110843943857492,0.171156829152283,0.777424903407364,0.870812248035345,"val","Tower VWC","Unburned"
"0003",1.00441915599343,0.84,0.04,0.00137922496357013,1.81574350066062,0.224599569191341,2578131.76633744,0.021,0.56,0.07,0.00241,1.33,1.62,2e+06,188.499782956769,0.420656516930502,-0.447336085887078,0.876889649367474,"cal","Thaw Depth","Unburned"
"0003",1.00441915599343,0.84,0.04,0.00137922496357013,1.81574350066062,0.224599569191341,2578131.76633744,0.021,0.56,0.07,0.00241,1.33,1.62,2e+06,177.082819809463,0.375722606456801,-0.353112154011958,0.874333211206406,"cal","Thaw Depth","Moderate"
"0003",1.00441915599343,0.84,0.04,0.00137922496357013,1.81574350066062,0.224599569191341,2578131.76633744,0.021,0.56,0.07,0.00241,1.33,1.62,2e+06,3.81558047778613,0.257499035768017,-0.0308238808802672,0.677264259366426,"cal","Tower Soil Temp","Moderate"
"0003",1.00441915599343,0.84,0.04,0.00137922496357013,1.81574350066062,0.224599569191341,2578131.76633744,0.021,0.56,0.07,0.00241,1.33,1.62,2e+06,0.269184816774375,0.349151114821357,-0.152553805950759,0.571562843917942,"cal","Tower VWC","Moderate"
"0003",1.00441915599343,0.84,0.04,0.00137922496357013,1.81574350066062,0.224599569191341,2578131.76633744,0.021,0.56,0.07,0.00241,1.33,1.62,2e+06,152.204649187035,0.255862714846597,0.388002697408079,0.923586893200304,"val","Thaw Depth","Moderate"
"0003",1.00441915599343,0.84,0.04,0.00137922496357013,1.81574350066062,0.224599569191341,2578131.76633744,0.021,0.56,0.07,0.00241,1.33,1.62,2e+06,0.339633867261979,0.426983031353047,0.028748898274898,0.343648980987691,"val","Tower VWC","Moderate"
"0003",1.00441915599343,0.84,0.04,0.00137922496357013,1.81574350066062,0.224599569191341,2578131.76633744,0.021,0.56,0.07,0.00241,1.33,1.62,2e+06,3.50959595642541,0.164998120352816,0.5944585400638,0.866010202274321,"val","Tower Soil Temp","Moderate"
"0004",1.02193585563774,0.84,0.04,0.000377967674156418,3.0634899167716,0.259124213945179,2510367.29209125,0.021,0.56,0.07,0.00241,1.33,1.62,2e+06,0.133485486134012,0.206118185166003,0.677209513772919,0.887097420133812,"val","Tower VWC","Unburned"
"0004",1.02193585563774,0.84,0.04,0.000377967674156418,3.0634899167716,0.259124213945179,2510367.29209125,0.021,0.56,0.07,0.00241,1.33,1.62,2e+06,3.30690605052205,0.212051671061903,0.398455156298151,0.701532399380936,"cal","Tower Soil Temp","Severe"
"0004",1.02193585563774,0.84,0.04,0.000377967674156418,3.0634899167716,0.259124213945179,2510367.29209125,0.021,0.56,0.07,0.00241,1.33,1.62,2e+06,0.348354961652693,0.74466047280017,-5.71302863343743,0.503686369250153,"cal","Tower VWC","Severe"
"0004",1.02193585563774,0.84,0.04,0.000377967674156418,3.0634899167716,0.259124213945179,2510367.29209125,0.021,0.56,0.07,0.00241,1.33,1.62,2e+06,185.14824309522,0.306220435635942,0.126262993660811,0.843090221534794,"val","Thaw Depth","Severe"
"0004",1.02193585563774,0.84,0.04,0.000377967674156418,3.0634899167716,0.259124213945179,2510367.29209125,0.021,0.56,0.07,0.00241,1.33,1.62,2e+06,0.280348044861235,0.440669908643051,-0.613154646026884,0.583404017876696,"cal","Tower VWC","Unburned"
"0004",1.02193585563774,0.84,0.04,0.000377967674156418,3.0634899167716,0.259124213945179,2510367.29209125,0.021,0.56,0.07,0.00241,1.33,1.62,2e+06,193.859173997431,0.380705354620278,-0.282716685716708,0.894996174445613,"val","Thaw Depth","Unburned"
"0004",1.02193585563774,0.84,0.04,0.000377967674156418,3.0634899167716,0.259124213945179,2510367.29209125,0.021,0.56,0.07,0.00241,1.33,1.62,2e+06,4.13280573472222,0.232412945632172,0.313193592997435,0.824216228962661,"val","Tower Soil Temp","Unburned"
"0004",1.02193585563774,0.84,0.04,0.000377967674156418,3.0634899167716,0.259124213945179,2510367.29209125,0.021,0.56,0.07,0.00241,1.33,1.62,2e+06,5.14738222994437,0.459048897290066,-3.92642173570365,0.712234500988572,"cal","Tower Soil Temp","Unburned"
"0004",1.02193585563774,0.84,0.04,0.000377967674156418,3.0634899167716,0.259124213945179,2510367.29209125,0.021,0.56,0.07,0.00241,1.33,1.62,2e+06,181.393090931496,0.359957940898786,-0.272905671845752,0.882094957527727,"cal","Thaw Depth","Severe"
"0004",1.02193585563774,0.84,0.04,0.000377967674156418,3.0634899167716,0.259124213945179,2510367.29209125,0.021,0.56,0.07,0.00241,1.33,1.62,2e+06,3.07475838371225,0.115639063703003,0.809384704028334,0.829004345367671,"val","Tower Soil Temp","Severe"
"0004",1.02193585563774,0.84,0.04,0.000377967674156418,3.0634899167716,0.259124213945179,2510367.29209125,0.021,0.56,0.07,0.00241,1.33,1.62,2e+06,0.28005895586018,0.632663303901009,-1.32705809567685,0.384384180942595,"val","Tower VWC","Severe"
"0004",1.02193585563774,0.84,0.04,0.000377967674156418,3.0634899167716,0.259124213945179,2510367.29209125,0.021,0.56,0.07,0.00241,1.33,1.62,2e+06,0.351535571065306,0.441945689845201,-0.0405144063386584,0.328726436304319,"val","Tower VWC","Moderate"
"0004",1.02193585563774,0.84,0.04,0.000377967674156418,3.0634899167716,0.259124213945179,2510367.29209125,0.021,0.56,0.07,0.00241,1.33,1.62,2e+06,191.604084277497,0.427584082366372,-0.495399413923072,0.938301358388843,"cal","Thaw Depth","Unburned"
"0004",1.02193585563774,0.84,0.04,0.000377967674156418,3.0634899167716,0.259124213945179,2510367.29209125,0.021,0.56,0.07,0.00241,1.33,1.62,2e+06,184.86506114158,0.392234451030572,-0.474655634892388,0.918499438907434,"cal","Thaw Depth","Moderate"
"0004",1.02193585563774,0.84,0.04,0.000377967674156418,3.0634899167716,0.259124213945179,2510367.29209125,0.021,0.56,0.07,0.00241,1.33,1.62,2e+06,3.86138267985556,0.260590052439686,-0.0557204240175289,0.689123081587277,"cal","Tower Soil Temp","Moderate"
"0004",1.02193585563774,0.84,0.04,0.000377967674156418,3.0634899167716,0.259124213945179,2510367.29209125,0.021,0.56,0.07,0.00241,1.33,1.62,2e+06,0.245886029122646,0.318930994013408,0.038326174023079,0.646701285708152,"cal","Tower VWC","Moderate"
"0004",1.02193585563774,0.84,0.04,0.000377967674156418,3.0634899167716,0.259124213945179,2510367.29209125,0.021,0.56,0.07,0.00241,1.33,1.62,2e+06,174.185542806257,0.292813564549338,0.198473503601071,0.899912701825244,"val","Thaw Depth","Moderate"
"0004",1.02193585563774,0.84,0.04,0.000377967674156418,3.0634899167716,0.259124213945179,2510367.29209125,0.021,0.56,0.07,0.00241,1.33,1.62,2e+06,3.33980093176341,0.157015474982144,0.632749681335641,0.814022753825174,"val","Tower Soil Temp","Moderate"
"0005",0.104334600975129,0.84,0.04,0.00133352885744569,2.32344384535183,0.30849442576844,2732819.60530812,0.021,0.56,0.07,0.00241,1.33,1.62,2e+06,197.207063824655,0.326164763895779,0.00874252875033144,0.797781052137353,"val","Thaw Depth","Severe"
"0005",0.104334600975129,0.84,0.04,0.00133352885744569,2.32344384535183,0.30849442576844,2732819.60530812,0.021,0.56,0.07,0.00241,1.33,1.62,2e+06,0.125551021194319,0.193866384906678,0.714442789998947,0.836628234064403,"val","Tower VWC","Unburned"
"0005",0.104334600975129,0.84,0.04,0.00133352885744569,2.32344384535183,0.30849442576844,2732819.60530812,0.021,0.56,0.07,0.00241,1.33,1.62,2e+06,3.39218843296727,0.21752030894679,0.36702838809025,0.653353567845866,"cal","Tower Soil Temp","Severe"
"0005",0.104334600975129,0.84,0.04,0.00133352885744569,2.32344384535183,0.30849442576844,2732819.60530812,0.021,0.56,0.07,0.00241,1.33,1.62,2e+06,0.299472355781385,0.640166642061729,-3.96121417984804,0.457128312225815,"cal","Tower VWC","Severe"
"0005",0.104334600975129,0.84,0.04,0.00133352885744569,2.32344384535183,0.30849442576844,2732819.60530812,0.021,0.56,0.07,0.00241,1.33,1.62,2e+06,5.08034236685022,0.453070212620251,-3.79893327020953,0.659941022059875,"cal","Tower Soil Temp","Unburned"
"0005",0.104334600975129,0.84,0.04,0.00133352885744569,2.32344384535183,0.30849442576844,2732819.60530812,0.021,0.56,0.07,0.00241,1.33,1.62,2e+06,0.273603687668096,0.430068674489171,-0.536472646621993,0.55222262780685,"cal","Tower VWC","Unburned"
"0005",0.104334600975129,0.84,0.04,0.00133352885744569,2.32344384535183,0.30849442576844,2732819.60530812,0.021,0.56,0.07,0.00241,1.33,1.62,2e+06,177.010539497597,0.347617596946185,-0.0694396449789565,0.936552761780033,"val","Thaw Depth","Unburned"
"0005",0.104334600975129,0.84,0.04,0.00133352885744569,2.32344384535183,0.30849442576844,2732819.60530812,0.021,0.56,0.07,0.00241,1.33,1.62,2e+06,4.57953390626368,0.257535203224036,0.156690655555401,0.868992245803041,"val","Tower Soil Temp","Unburned"
"0005",0.104334600975129,0.84,0.04,0.00133352885744569,2.32344384535183,0.30849442576844,2732819.60530812,0.021,0.56,0.07,0.00241,1.33,1.62,2e+06,0.348734460825091,0.438424172538452,-0.023998390670275,0.322434816541671,"val","Tower VWC","Moderate"
"0005",0.104334600975129,0.84,0.04,0.00133352885744569,2.32344384535183,0.30849442576844,2732819.60530812,0.021,0.56,0.07,0.00241,1.33,1.62,2e+06,186.896553928698,0.370879058115063,-0.351317268640821,0.863059438379127,"cal","Thaw Depth","Severe"
"0005",0.104334600975129,0.84,0.04,0.00133352885744569,2.32344384535183,0.30849442576844,2732819.60530812,0.021,0.56,0.07,0.00241,1.33,1.62,2e+06,2.82164306868102,0.106119610664302,0.839476023189592,0.860732312201758,"val","Tower Soil Temp","Severe"
"0005",0.104334600975129,0.84,0.04,0.00133352885744569,2.32344384535183,0.30849442576844,2732819.60530812,0.021,0.56,0.07,0.00241,1.33,1.62,2e+06,0.237375821004386,0.536240559497859,-0.671788197057778,0.377848916040964,"val","Tower VWC","Severe"
"0005",0.104334600975129,0.84,0.04,0.00133352885744569,2.32344384535183,0.30849442576844,2732819.60530812,0.021,0.56,0.07,0.00241,1.33,1.62,2e+06,0.267592248673621,0.34708544509128,-0.138956525560724,0.587532739433787,"cal","Tower VWC","Moderate"
"0005",0.104334600975129,0.84,0.04,0.00133352885744569,2.32344384535183,0.30849442576844,2732819.60530812,0.021,0.56,0.07,0.00241,1.33,1.62,2e+06,185.795538888169,0.414621720110137,-0.406106595547902,0.828654152672787,"cal","Thaw Depth","Unburned"
"0005",0.104334600975129,0.84,0.04,0.00133352885744569,2.32344384535183,0.30849442576844,2732819.60530812,0.021,0.56,0.07,0.00241,1.33,1.62,2e+06,171.135807761447,0.36310462990936,-0.263754500685425,0.879184023967644,"cal","Thaw Depth","Moderate"
"0005",0.104334600975129,0.84,0.04,0.00133352885744569,2.32344384535183,0.30849442576844,2732819.60530812,0.021,0.56,0.07,0.00241,1.33,1.62,2e+06,3.90224941510285,0.263347993199271,-0.0781849948452329,0.584936900388934,"cal","Tower Soil Temp","Moderate"
"0005",0.104334600975129,0.84,0.04,0.00133352885744569,2.32344384535183,0.30849442576844,2732819.60530812,0.021,0.56,0.07,0.00241,1.33,1.62,2e+06,173.24633409852,0.291234713370659,0.207093864414583,0.853890594122695,"val","Thaw Depth","Moderate"
"0005",0.104334600975129,0.84,0.04,0.00133352885744569,2.32344384535183,0.30849442576844,2732819.60530812,0.021,0.56,0.07,0.00241,1.33,1.62,2e+06,3.20510798556342,0.15068309848533,0.661774497506334,0.832822056555887,"val","Tower Soil Temp","Moderate"
"0006",0.446998393486445,0.84,0.04,0.0023750699206494,1.29956984886106,0.309290276129032,2502065.61210449,0.021,0.56,0.07,0.00241,1.33,1.62,2e+06,0.0849010150730859,0.131097721950439,0.869419479170309,0.940170091452046,"val","Tower VWC","Unburned"
"0006",0.446998393486445,0.84,0.04,0.0023750699206494,1.29956984886106,0.309290276129032,2502065.61210449,0.021,0.56,0.07,0.00241,1.33,1.62,2e+06,169.554109335305,0.280428981428783,0.267246031238433,0.910210573774592,"val","Thaw Depth","Severe"
"0006",0.446998393486445,0.84,0.04,0.0023750699206494,1.29956984886106,0.309290276129032,2502065.61210449,0.021,0.56,0.07,0.00241,1.33,1.62,2e+06,4.06150481506454,0.152749762884542,0.667409604190363,0.74557258187685,"val","Tower Soil Temp","Severe"
"0006",0.446998393486445,0.84,0.04,0.0023750699206494,1.29956984886106,0.309290276129032,2502065.61210449,0.021,0.56,0.07,0.00241,1.33,1.62,2e+06,3.17160869227955,0.20337587850316,0.446670921462223,0.905087022407224,"cal","Tower Soil Temp","Severe"
"0006",0.446998393486445,0.84,0.04,0.0023750699206494,1.29956984886106,0.309290276129032,2502065.61210449,0.021,0.56,0.07,0.00241,1.33,1.62,2e+06,0.285259299926905,0.609784124062504,-3.50146753654422,0.604216580209743,"cal","Tower VWC","Severe"
"0006",0.446998393486445,0.84,0.04,0.0023750699206494,1.29956984886106,0.309290276129032,2502065.61210449,0.021,0.56,0.07,0.00241,1.33,1.62,2e+06,5.83341385839678,0.520229910954674,-5.32709460116393,0.812498865308544,"cal","Tower Soil Temp","Unburned"
"0006",0.446998393486445,0.84,0.04,0.0023750699206494,1.29956984886106,0.309290276129032,2502065.61210449,0.021,0.56,0.07,0.00241,1.33,1.62,2e+06,0.177335017594765,0.278747105375319,0.354539091932633,0.589708107170595,"cal","Tower VWC","Unburned"
"0006",0.446998393486445,0.84,0.04,0.0023750699206494,1.29956984886106,0.309290276129032,2502065.61210449,0.021,0.56,0.07,0.00241,1.33,1.62,2e+06,207.778845739179,0.408041144087276,-0.473535783925701,0.947140492538574,"val","Thaw Depth","Unburned"
"0006",0.446998393486445,0.84,0.04,0.0023750699206494,1.29956984886106,0.309290276129032,2502065.61210449,0.021,0.56,0.07,0.00241,1.33,1.62,2e+06,4.87253539982191,0.274012469411597,0.0453276133322028,0.74883956989484,"val","Tower Soil Temp","Unburned"
"0006",0.446998393486445,0.84,0.04,0.0023750699206494,1.29956984886106,0.309290276129032,2502065.61210449,0.021,0.56,0.07,0.00241,1.33,1.62,2e+06,0.265172978651956,0.333371825284999,0.407936786594321,0.455013882368998,"val","Tower VWC","Moderate"
"0006",0.446998393486445,0.84,0.04,0.0023750699206494,1.29956984886106,0.309290276129032,2502065.61210449,0.021,0.56,0.07,0.00241,1.33,1.62,2e+06,207.308264926187,0.411384225225602,-0.662600752741188,0.872590673937816,"cal","Thaw Depth","Severe"
"0006",0.446998393486445,0.84,0.04,0.0023750699206494,1.29956984886106,0.309290276129032,2502065.61210449,0.021,0.56,0.07,0.00241,1.33,1.62,2e+06,232.679168010691,0.493683258303892,-1.33612427150863,0.91907301267875,"cal","Thaw Depth","Moderate"
"0006",0.446998393486445,0.84,0.04,0.0023750699206494,1.29956984886106,0.309290276129032,2502065.61210449,0.021,0.56,0.07,0.00241,1.33,1.62,2e+06,0.210516169956595,0.47556363695014,-0.314859096264462,0.535494475442766,"val","Tower VWC","Severe"
"0006",0.446998393486445,0.84,0.04,0.0023750699206494,1.29956984886106,0.309290276129032,2502065.61210449,0.021,0.56,0.07,0.00241,1.33,1.62,2e+06,0.173955689585904,0.225632424875378,0.518676169075458,0.611334517004012,"cal","Tower VWC","Moderate"
"0006",0.446998393486445,0.84,0.04,0.0023750699206494,1.29956984886106,0.309290276129032,2502065.61210449,0.021,0.56,0.07,0.00241,1.33,1.62,2e+06,266.207672278357,0.59406960816752,-1.88661468928299,0.872487924846503,"cal","Thaw Depth","Unburned"
"0006",0.446998393486445,0.84,0.04,0.0023750699206494,1.29956984886106,0.309290276129032,2502065.61210449,0.021,0.56,0.07,0.00241,1.33,1.62,2e+06,3.68501427038978,0.173245135803866,0.552905459942506,0.759145616183141,"val","Tower Soil Temp","Moderate"
"0006",0.446998393486445,0.84,0.04,0.0023750699206494,1.29956984886106,0.309290276129032,2502065.61210449,0.021,0.56,0.07,0.00241,1.33,1.62,2e+06,4.37973887053735,0.295571943153832,-0.35818731646866,0.719454361245885,"cal","Tower Soil Temp","Moderate"
"0006",0.446998393486445,0.84,0.04,0.0023750699206494,1.29956984886106,0.309290276129032,2502065.61210449,0.021,0.56,0.07,0.00241,1.33,1.62,2e+06,152.830569408641,0.256914914290129,0.382958841881102,0.954290016207573,"val","Thaw Depth","Moderate"
"0007",0.896730639682142,0.84,0.04,0.00247217145317874,1.68420420959818,0.262401680642797,2840745.58171607,0.021,0.56,0.07,0.00241,1.33,1.62,2e+06,0.0956991188709963,0.147771336607128,0.834091548692971,0.900970655536466,"val","Tower VWC","Unburned"
"0007",0.896730639682142,0.84,0.04,0.00247217145317874,1.68420420959818,0.262401680642797,2840745.58171607,0.021,0.56,0.07,0.00241,1.33,1.62,2e+06,4.9372466150882,0.44030878474899,-3.53240167461206,0.705407206100692,"cal","Tower Soil Temp","Unburned"
"0007",0.896730639682142,0.84,0.04,0.00247217145317874,1.68420420959818,0.262401680642797,2840745.58171607,0.021,0.56,0.07,0.00241,1.33,1.62,2e+06,180.581468163669,0.402985988781467,-0.328293479044207,0.91467073103736,"cal","Thaw Depth","Unburned"
"0007",0.896730639682142,0.84,0.04,0.00247217145317874,1.68420420959818,0.262401680642797,2840745.58171607,0.021,0.56,0.07,0.00241,1.33,1.62,2e+06,0.23968383718827,0.376751172597801,-0.179121172280778,0.616944783937413,"cal","Tower VWC","Unburned"
"0007",0.896730639682142,0.84,0.04,0.00247217145317874,1.68420420959818,0.262401680642797,2840745.58171607,0.021,0.56,0.07,0.00241,1.33,1.62,2e+06,0.338924686904047,0.426091459551191,0.0328007502604376,0.35189533488341,"val","Tower VWC","Moderate"
"0007",0.896730639682142,0.84,0.04,0.00247217145317874,1.68420420959818,0.262401680642797,2840745.58171607,0.021,0.56,0.07,0.00241,1.33,1.62,2e+06,NA,NA,NA,NA,"fail","fail","Severe"
"0007",0.896730639682142,0.84,0.04,0.00247217145317874,1.68420420959818,0.262401680642797,2840745.58171607,0.021,0.56,0.07,0.00241,1.33,1.62,2e+06,3.12200962725962,0.146776360189877,0.679085386427472,0.853051109759301,"val","Tower Soil Temp","Moderate"
"0007",0.896730639682142,0.84,0.04,0.00247217145317874,1.68420420959818,0.262401680642797,2840745.58171607,0.021,0.56,0.07,0.00241,1.33,1.62,2e+06,134.645157562089,0.226344436512248,0.521066573768643,0.958473350496331,"val","Thaw Depth","Moderate"
"0007",0.896730639682142,0.84,0.04,0.00247217145317874,1.68420420959818,0.262401680642797,2840745.58171607,0.021,0.56,0.07,0.00241,1.33,1.62,2e+06,170.283792649099,0.334407448096422,0.0102975231937474,0.946909689796326,"val","Thaw Depth","Unburned"
"0007",0.896730639682142,0.84,0.04,0.00247217145317874,1.68420420959818,0.262401680642797,2840745.58171607,0.021,0.56,0.07,0.00241,1.33,1.62,2e+06,4.23346607749941,0.238073692416527,0.279329867875477,0.839883327432755,"val","Tower Soil Temp","Unburned"
"0007",0.896730639682142,0.84,0.04,0.00247217145317874,1.68420420959818,0.262401680642797,2840745.58171607,0.021,0.56,0.07,0.00241,1.33,1.62,2e+06,0.235501365157166,0.305461374723433,0.117840842109015,0.651526043813628,"cal","Tower VWC","Moderate"
"0007",0.896730639682142,0.84,0.04,0.00247217145317874,1.68420420959818,0.262401680642797,2840745.58171607,0.021,0.56,0.07,0.00241,1.33,1.62,2e+06,173.577039217912,0.368284273235429,-0.300066266081884,0.911336624037765,"cal","Thaw Depth","Moderate"
"0007",0.896730639682142,0.84,0.04,0.00247217145317874,1.68420420959818,0.262401680642797,2840745.58171607,0.021,0.56,0.07,0.00241,1.33,1.62,2e+06,3.7122680540896,0.250526872649039,0.0242425155850606,0.666371565959845,"cal","Tower Soil Temp","Moderate"
"0008",0.22007458119696,0.84,0.04,0.000911811071921955,3.45225872201419,0.209397773999954,2240584.46428366,0.021,0.56,0.07,0.00241,1.33,1.62,2e+06,214.822179794218,0.421873014582961,-0.575129503635752,0.945903607691896,"val","Thaw Depth","Unburned"
"0008",0.22007458119696,0.84,0.04,0.000911811071921955,3.45225872201419,0.209397773999954,2240584.46428366,0.021,0.56,0.07,0.00241,1.33,1.62,2e+06,0.245892898102632,0.386510992065225,-0.241003227828978,0.620434277684536,"cal","Tower VWC","Unburned"
"0008",0.22007458119696,0.84,0.04,0.000911811071921955,3.45225872201419,0.209397773999954,2240584.46428366,0.021,0.56,0.07,0.00241,1.33,1.62,2e+06,5.76671348576113,0.514281502396804,-5.18323138437372,0.770964555613637,"cal","Tower Soil Temp","Unburned"
"0008",0.22007458119696,0.84,0.04,0.000911811071921955,3.45225872201419,0.209397773999954,2240584.46428366,0.021,0.56,0.07,0.00241,1.33,1.62,2e+06,4.2930681275251,0.289722863863044,-0.304964796130409,0.704976301428972,"cal","Tower Soil Temp","Moderate"
"0008",0.22007458119696,0.84,0.04,0.000911811071921955,3.45225872201419,0.209397773999954,2240584.46428366,0.021,0.56,0.07,0.00241,1.33,1.62,2e+06,0.228432029954614,0.296291963548635,0.170007654352392,0.624982992565821,"cal","Tower VWC","Moderate"
"0008",0.22007458119696,0.84,0.04,0.000911811071921955,3.45225872201419,0.209397773999954,2240584.46428366,0.021,0.56,0.07,0.00241,1.33,1.62,2e+06,5.08163435543522,0.285771382683132,-0.0383677234813129,0.737854371921839,"val","Tower Soil Temp","Unburned"
"0008",0.22007458119696,0.84,0.04,0.000911811071921955,3.45225872201419,0.209397773999954,2240584.46428366,0.021,0.56,0.07,0.00241,1.33,1.62,2e+06,0.131145742600613,0.202505330279487,0.688426133078609,0.904428671302663,"val","Tower VWC","Unburned"
"0008",0.22007458119696,0.84,0.04,0.000911811071921955,3.45225872201419,0.209397773999954,2240584.46428366,0.021,0.56,0.07,0.00241,1.33,1.62,2e+06,0.34588319867605,0.434839604941015,-0.00732236661072272,0.337168260641586,"val","Tower VWC","Moderate"
"0008",0.22007458119696,0.84,0.04,0.000911811071921955,3.45225872201419,0.209397773999954,2240584.46428366,0.021,0.56,0.07,0.00241,1.33,1.62,2e+06,0.281611466093769,0.636170480633513,-1.3529297572041,0.403759666168375,"val","Tower VWC","Severe"
"0008",0.22007458119696,0.84,0.04,0.000911811071921955,3.45225872201419,0.209397773999954,2240584.46428366,0.021,0.56,0.07,0.00241,1.33,1.62,2e+06,197.174565675126,0.39127482912144,-0.504030089827213,0.913416072125285,"cal","Thaw Depth","Severe"
"0008",0.22007458119696,0.84,0.04,0.000911811071921955,3.45225872201419,0.209397773999954,2240584.46428366,0.021,0.56,0.07,0.00241,1.33,1.62,2e+06,3.15371016937558,0.202228155636727,0.452898567351492,0.902729442244098,"cal","Tower Soil Temp","Severe"
"0008",0.22007458119696,0.84,0.04,0.000911811071921955,3.45225872201419,0.209397773999954,2240584.46428366,0.021,0.56,0.07,0.00241,1.33,1.62,2e+06,265.233772775123,0.591896251962837,-1.86553242535149,0.921859089671453,"cal","Thaw Depth","Unburned"
"0008",0.22007458119696,0.84,0.04,0.000911811071921955,3.45225872201419,0.209397773999954,2240584.46428366,0.021,0.56,0.07,0.00241,1.33,1.62,2e+06,218.112449281549,0.462776558634635,-1.05277734698783,0.950475139214819,"cal","Thaw Depth","Moderate"
"0008",0.22007458119696,0.84,0.04,0.000911811071921955,3.45225872201419,0.209397773999954,2240584.46428366,0.021,0.56,0.07,0.00241,1.33,1.62,2e+06,4.18866799790072,0.157532262699345,0.646257177707819,0.741616623036124,"val","Tower Soil Temp","Severe"
"0008",0.22007458119696,0.84,0.04,0.000911811071921955,3.45225872201419,0.209397773999954,2240584.46428366,0.021,0.56,0.07,0.00241,1.33,1.62,2e+06,173.895647108361,0.287609538834943,0.229240366210442,0.919482659955392,"val","Thaw Depth","Severe"
"0008",0.22007458119696,0.84,0.04,0.000911811071921955,3.45225872201419,0.209397773999954,2240584.46428366,0.021,0.56,0.07,0.00241,1.33,1.62,2e+06,156.69974183012,0.263419163439263,0.351320410803408,0.954578249692056,"val","Thaw Depth","Moderate"
"0008",0.22007458119696,0.84,0.04,0.000911811071921955,3.45225872201419,0.209397773999954,2240584.46428366,0.021,0.56,0.07,0.00241,1.33,1.62,2e+06,3.65480918973082,0.171825091560679,0.560204851018605,0.771629901086667,"val","Tower Soil Temp","Moderate"
"0008",0.22007458119696,0.84,0.04,0.000911811071921955,3.45225872201419,0.209397773999954,2240584.46428366,0.021,0.56,0.07,0.00241,1.33,1.62,2e+06,0.346231326426919,0.740120887074801,-5.63143042480613,0.586989890587949,"cal","Tower VWC","Severe"
"0009",0.588051950371491,0.84,0.04,0.00103930796229362,2.95061078148668,0.189047940759629,3170697.56307802,0.021,0.56,0.07,0.00241,1.33,1.62,2e+06,174.680017154909,0.343040860562613,-0.0414645218820617,0.882851511567696,"val","Thaw Depth","Unburned"
"0009",0.588051950371491,0.84,0.04,0.00103930796229362,2.95061078148668,0.189047940759629,3170697.56307802,0.021,0.56,0.07,0.00241,1.33,1.62,2e+06,4.3020084717622,0.29032621374228,-0.310405652077612,0.605782676418864,"cal","Tower Soil Temp","Moderate"
"0009",0.588051950371491,0.84,0.04,0.00103930796229362,2.95061078148668,0.189047940759629,3170697.56307802,0.021,0.56,0.07,0.00241,1.33,1.62,2e+06,0.233371428167005,0.302698700797297,0.133725646753779,0.622134423331168,"cal","Tower VWC","Moderate"
"0009",0.588051950371491,0.84,0.04,0.00103930796229362,2.95061078148668,0.189047940759629,3170697.56307802,0.021,0.56,0.07,0.00241,1.33,1.62,2e+06,0.259400419041494,0.407743021776967,-0.381090972600802,0.587903555071463,"cal","Tower VWC","Unburned"
"0009",0.588051950371491,0.84,0.04,0.00103930796229362,2.95061078148668,0.189047940759629,3170697.56307802,0.021,0.56,0.07,0.00241,1.33,1.62,2e+06,5.54526048488177,0.494532093607252,-4.71745365788858,0.738752361589864,"cal","Tower Soil Temp","Unburned"
"0009",0.588051950371491,0.84,0.04,0.00103930796229362,2.95061078148668,0.189047940759629,3170697.56307802,0.021,0.56,0.07,0.00241,1.33,1.62,2e+06,0.37257646834781,0.468398016806875,-0.168800496303616,0.267908955231492,"val","Tower VWC","Moderate"
"0009",0.588051950371491,0.84,0.04,0.00103930796229362,2.95061078148668,0.189047940759629,3170697.56307802,0.021,0.56,0.07,0.00241,1.33,1.62,2e+06,0.268433782708688,0.606401617564807,-1.13787662047301,0.340771126680743,"val","Tower VWC","Severe"
"0009",0.588051950371491,0.84,0.04,0.00103930796229362,2.95061078148668,0.189047940759629,3170697.56307802,0.021,0.56,0.07,0.00241,1.33,1.62,2e+06,3.97450421179339,0.223510682713583,0.364800309120036,0.836196033676748,"val","Tower Soil Temp","Unburned"
"0009",0.588051950371491,0.84,0.04,0.00103930796229362,2.95061078148668,0.189047940759629,3170697.56307802,0.021,0.56,0.07,0.00241,1.33,1.62,2e+06,0.119126265671332,0.18394576366997,0.742920357741928,0.886397816803802,"val","Tower VWC","Unburned"
"0009",0.588051950371491,0.84,0.04,0.00103930796229362,2.95061078148668,0.189047940759629,3170697.56307802,0.021,0.56,0.07,0.00241,1.33,1.62,2e+06,217.237688362315,0.484788087811662,-0.92228610611242,0.947609610825834,"cal","Thaw Depth","Unburned"
"0009",0.588051950371491,0.84,0.04,0.00103930796229362,2.95061078148668,0.189047940759629,3170697.56307802,0.021,0.56,0.07,0.00241,1.33,1.62,2e+06,191.495687691644,0.406302875581933,-0.582336820688201,0.929770338242091,"cal","Thaw Depth","Moderate"
"0009",0.588051950371491,0.84,0.04,0.00103930796229362,2.95061078148668,0.189047940759629,3170697.56307802,0.021,0.56,0.07,0.00241,1.33,1.62,2e+06,192.46223873172,0.381923648794341,-0.432998730411379,0.903727743200846,"cal","Thaw Depth","Severe"
"0009",0.588051950371491,0.84,0.04,0.00103930796229362,2.95061078148668,0.189047940759629,3170697.56307802,0.021,0.56,0.07,0.00241,1.33,1.62,2e+06,3.12704444079609,0.200518245461181,0.462111323479633,0.896932490095668,"cal","Tower Soil Temp","Severe"
"0009",0.588051950371491,0.84,0.04,0.00103930796229362,2.95061078148668,0.189047940759629,3170697.56307802,0.021,0.56,0.07,0.00241,1.33,1.62,2e+06,180.604884076372,0.303604759783329,0.138306826242949,0.841713952513444,"val","Thaw Depth","Moderate"
"0009",0.588051950371491,0.84,0.04,0.00103930796229362,2.95061078148668,0.189047940759629,3170697.56307802,0.021,0.56,0.07,0.00241,1.33,1.62,2e+06,3.21090158445598,0.150955475402565,0.660550629883553,0.73554410092994,"val","Tower Soil Temp","Moderate"
"0009",0.588051950371491,0.84,0.04,0.00103930796229362,2.95061078148668,0.189047940759629,3170697.56307802,0.021,0.56,0.07,0.00241,1.33,1.62,2e+06,3.84706127314349,0.144684722543074,0.701603334263096,0.72380566646622,"val","Tower Soil Temp","Severe"
"0009",0.588051950371491,0.84,0.04,0.00103930796229362,2.95061078148668,0.189047940759629,3170697.56307802,0.021,0.56,0.07,0.00241,1.33,1.62,2e+06,175.212259766984,0.289787111223141,0.217524908757846,0.827641447078855,"val","Thaw Depth","Severe"
"0009",0.588051950371491,0.84,0.04,0.00103930796229362,2.95061078148668,0.189047940759629,3170697.56307802,0.021,0.56,0.07,0.00241,1.33,1.62,2e+06,0.334114521389189,0.714219416559164,-5.17540153438024,0.588937662791285,"cal","Tower VWC","Severe"
"0010",0.873540106000241,0.84,0.04,0.00163241800722538,2.21577812981091,0.201234209049435,2658470.62215232,0.021,0.56,0.07,0.00241,1.33,1.62,2e+06,4.13236705313387,0.232388275883172,0.313339389027779,0.843042077274991,"val","Tower Soil Temp","Unburned"
"0010",0.873540106000241,0.84,0.04,0.00163241800722538,2.21577812981091,0.201234209049435,2658470.62215232,0.021,0.56,0.07,0.00241,1.33,1.62,2e+06,0.114895727723787,0.177413287149276,0.760855503084149,0.884721301863249,"val","Tower VWC","Unburned"
"0010",0.873540106000241,0.84,0.04,0.00163241800722538,2.21577812981091,0.201234209049435,2658470.62215232,0.021,0.56,0.07,0.00241,1.33,1.62,2e+06,166.103626820118,0.326198336907726,0.0582920024907077,0.93938258837799,"val","Thaw Depth","Unburned"
"0010",0.873540106000241,0.84,0.04,0.00163241800722538,2.21577812981091,0.201234209049435,2658470.62215232,0.021,0.56,0.07,0.00241,1.33,1.62,2e+06,3.90534678405159,0.263557022866542,-0.0798972698586984,0.674460592751986,"cal","Tower Soil Temp","Moderate"
"0010",0.873540106000241,0.84,0.04,0.00163241800722538,2.21577812981091,0.201234209049435,2658470.62215232,0.021,0.56,0.07,0.00241,1.33,1.62,2e+06,0.271555230629889,0.352225703686206,-0.172941720316823,0.582789813921588,"cal","Tower VWC","Moderate"
"0010",0.873540106000241,0.84,0.04,0.00163241800722538,2.21577812981091,0.201234209049435,2658470.62215232,0.021,0.56,0.07,0.00241,1.33,1.62,2e+06,0.264136583222873,0.415187643115987,-0.431983623244309,0.584118705361264,"cal","Tower VWC","Unburned"
"0010",0.873540106000241,0.84,0.04,0.00163241800722538,2.21577812981091,0.201234209049435,2658470.62215232,0.021,0.56,0.07,0.00241,1.33,1.62,2e+06,4.9057977973434,0.437504146495618,-3.47484542091711,0.682287590969414,"cal","Tower Soil Temp","Unburned"
"0010",0.873540106000241,0.84,0.04,0.00163241800722538,2.21577812981091,0.201234209049435,2658470.62215232,0.021,0.56,0.07,0.00241,1.33,1.62,2e+06,0.236266321036261,0.533734158967458,-0.65619676790131,0.339579423780475,"val","Tower VWC","Severe"
"0010",0.873540106000241,0.84,0.04,0.00163241800722538,2.21577812981091,0.201234209049435,2658470.62215232,0.021,0.56,0.07,0.00241,1.33,1.62,2e+06,162.381506519748,0.344530332957356,-0.137768929599532,0.896427876144437,"cal","Thaw Depth","Moderate"
"0010",0.873540106000241,0.84,0.04,0.00163241800722538,2.21577812981091,0.201234209049435,2658470.62215232,0.021,0.56,0.07,0.00241,1.33,1.62,2e+06,140.894045575582,0.236849092319049,0.475580357604619,0.925940964184065,"val","Thaw Depth","Moderate"
"0010",0.873540106000241,0.84,0.04,0.00163241800722538,2.21577812981091,0.201234209049435,2658470.62215232,0.021,0.56,0.07,0.00241,1.33,1.62,2e+06,0.363402030551003,0.456864039665487,-0.111947398780352,0.285567190430742,"val","Tower VWC","Moderate"
"0010",0.873540106000241,0.84,0.04,0.00163241800722538,2.21577812981091,0.201234209049435,2658470.62215232,0.021,0.56,0.07,0.00241,1.33,1.62,2e+06,158.849014434834,0.354487798775478,-0.0278192105137982,0.889789062519288,"cal","Thaw Depth","Unburned"
"0010",0.873540106000241,0.84,0.04,0.00163241800722538,2.21577812981091,0.201234209049435,2658470.62215232,0.021,0.56,0.07,0.00241,1.33,1.62,2e+06,3.24426329297758,0.122014000057137,0.787788974222525,0.849528749768376,"val","Tower Soil Temp","Severe"
"0010",0.873540106000241,0.84,0.04,0.00163241800722538,2.21577812981091,0.201234209049435,2658470.62215232,0.021,0.56,0.07,0.00241,1.33,1.62,2e+06,171.199824508409,0.33973033920875,-0.133865051538077,0.86358021253384,"cal","Thaw Depth","Severe"
"0010",0.873540106000241,0.84,0.04,0.00163241800722538,2.21577812981091,0.201234209049435,2658470.62215232,0.021,0.56,0.07,0.00241,1.33,1.62,2e+06,3.37506204722244,0.21642209851657,0.373403712196408,0.747414892964981,"cal","Tower Soil Temp","Severe"
"0010",0.873540106000241,0.84,0.04,0.00163241800722538,2.21577812981091,0.201234209049435,2658470.62215232,0.021,0.56,0.07,0.00241,1.33,1.62,2e+06,3.77314118432132,0.177388283713692,0.531265272826269,0.861485699754095,"val","Tower Soil Temp","Moderate"
"0010",0.873540106000241,0.84,0.04,0.00163241800722538,2.21577812981091,0.201234209049435,2658470.62215232,0.021,0.56,0.07,0.00241,1.33,1.62,2e+06,0.27171929639293,0.580840355368955,-3.08427956099668,0.46720937737722,"cal","Tower VWC","Severe"
"0010",0.873540106000241,0.84,0.04,0.00163241800722538,2.21577812981091,0.201234209049435,2658470.62215232,0.021,0.56,0.07,0.00241,1.33,1.62,2e+06,174.099405832259,0.287946539522358,0.227433063825041,0.825749240725643,"val","Thaw Depth","Severe"
"0011",0.290425754926792,0.84,0.04,0.00101153541480808,2.50645182531041,0.22351032517181,2993998.38823965,0.021,0.56,0.07,0.00241,1.33,1.62,2e+06,3.55014563935778,0.166904499761675,0.58503319440898,0.845724902383981,"val","Tower Soil Temp","Moderate"
"0011",0.290425754926792,0.84,0.04,0.00101153541480808,2.50645182531041,0.22351032517181,2993998.38823965,0.021,0.56,0.07,0.00241,1.33,1.62,2e+06,0.355040806370942,0.446352423509519,-0.0613682366388089,0.30589543416767,"val","Tower VWC","Moderate"
"0011",0.290425754926792,0.84,0.04,0.00101153541480808,2.50645182531041,0.22351032517181,2993998.38823965,0.021,0.56,0.07,0.00241,1.33,1.62,2e+06,0.26576810812205,0.344719410057046,-0.123481224036025,0.589472595307462,"cal","Tower VWC","Moderate"
"0011",0.290425754926792,0.84,0.04,0.00101153541480808,2.50645182531041,0.22351032517181,2993998.38823965,0.021,0.56,0.07,0.00241,1.33,1.62,2e+06,169.804489916347,0.285448821801424,0.238285873104876,0.871009734842066,"val","Thaw Depth","Moderate"
"0011",0.290425754926792,0.84,0.04,0.00101153541480808,2.50645182531041,0.22351032517181,2993998.38823965,0.021,0.56,0.07,0.00241,1.33,1.62,2e+06,3.48202674843963,0.223281090967886,0.333057334408959,0.662419000054715,"cal","Tower Soil Temp","Severe"
"0011",0.290425754926792,0.84,0.04,0.00101153541480808,2.50645182531041,0.22351032517181,2993998.38823965,0.021,0.56,0.07,0.00241,1.33,1.62,2e+06,0.303857855094165,0.649541298234921,-4.10758301553803,0.468050279707931,"cal","Tower VWC","Severe"
"0011",0.290425754926792,0.84,0.04,0.00101153541480808,2.50645182531041,0.22351032517181,2993998.38823965,0.021,0.56,0.07,0.00241,1.33,1.62,2e+06,0.240827122277096,0.54403717381874,-0.720755187367762,0.359424505011856,"val","Tower VWC","Severe"
"0011",0.290425754926792,0.84,0.04,0.00101153541480808,2.50645182531041,0.22351032517181,2993998.38823965,0.021,0.56,0.07,0.00241,1.33,1.62,2e+06,3.96362953604176,0.267490304454167,-0.112370203385276,0.589166281098316,"cal","Tower Soil Temp","Moderate"
"0011",0.290425754926792,0.84,0.04,0.00101153541480808,2.50645182531041,0.22351032517181,2993998.38823965,0.021,0.56,0.07,0.00241,1.33,1.62,2e+06,NA,NA,NA,NA,"fail","fail","Unburned"
"0011",0.290425754926792,0.84,0.04,0.00101153541480808,2.50645182531041,0.22351032517181,2993998.38823965,0.021,0.56,0.07,0.00241,1.33,1.62,2e+06,171.109628012025,0.363049083449801,-0.263367880889186,0.877747204957267,"cal","Thaw Depth","Moderate"
"0011",0.290425754926792,0.84,0.04,0.00101153541480808,2.50645182531041,0.22351032517181,2993998.38823965,0.021,0.56,0.07,0.00241,1.33,1.62,2e+06,196.430458401236,0.324880320429825,0.0165343404420096,0.799936142977612,"val","Thaw Depth","Severe"
"0011",0.290425754926792,0.84,0.04,0.00101153541480808,2.50645182531041,0.22351032517181,2993998.38823965,0.021,0.56,0.07,0.00241,1.33,1.62,2e+06,2.91665909650744,0.109693083153337,0.828483027867732,0.868804552989093,"val","Tower Soil Temp","Severe"
"0011",0.290425754926792,0.84,0.04,0.00101153541480808,2.50645182531041,0.22351032517181,2993998.38823965,0.021,0.56,0.07,0.00241,1.33,1.62,2e+06,181.458919889274,0.360088572423789,-0.27382973414661,0.859841029025189,"cal","Thaw Depth","Severe"
"0012",0.744753933031091,0.84,0.04,0.00172923621820507,2.96895684096424,0.236906155640318,2564771.53355209,0.021,0.56,0.07,0.00241,1.33,1.62,2e+06,4.0730907528728,0.274877426270121,-0.174657912769162,0.717622929293492,"cal","Tower Soil Temp","Moderate"
"0012",0.744753933031091,0.84,0.04,0.00172923621820507,2.96895684096424,0.236906155640318,2564771.53355209,0.021,0.56,0.07,0.00241,1.33,1.62,2e+06,0.252039560155467,0.32691254455531,-0.0104097191985306,0.568010964232827,"cal","Tower VWC","Moderate"
"0012",0.744753933031091,0.84,0.04,0.00172923621820507,2.96895684096424,0.236906155640318,2564771.53355209,0.021,0.56,0.07,0.00241,1.33,1.62,2e+06,3.56167643446557,0.167446601913199,0.582333210622835,0.816014347749472,"val","Tower Soil Temp","Moderate"
"0012",0.744753933031091,0.84,0.04,0.00172923621820507,2.96895684096424,0.236906155640318,2564771.53355209,0.021,0.56,0.07,0.00241,1.33,1.62,2e+06,0.343281342506201,0.431568587113779,0.00777550587836029,0.343316801980343,"val","Tower VWC","Moderate"
"0012",0.744753933031091,0.84,0.04,0.00172923621820507,2.96895684096424,0.236906155640318,2564771.53355209,0.021,0.56,0.07,0.00241,1.33,1.62,2e+06,0.257746136841297,0.582257839249917,-0.971027231540725,0.395065025626997,"val","Tower VWC","Severe"
"0012",0.744753933031091,0.84,0.04,0.00172923621820507,2.96895684096424,0.236906155640318,2564771.53355209,0.021,0.56,0.07,0.00241,1.33,1.62,2e+06,161.221921286191,0.271021146156835,0.313339831423604,0.946024470971609,"val","Thaw Depth","Moderate"
"0012",0.744753933031091,0.84,0.04,0.00172923621820507,2.96895684096424,0.236906155640318,2564771.53355209,0.021,0.56,0.07,0.00241,1.33,1.62,2e+06,228.165420784354,0.509174438747979,-1.12054422352497,0.935614715241512,"cal","Thaw Depth","Unburned"
"0012",0.744753933031091,0.84,0.04,0.00172923621820507,2.96895684096424,0.236906155640318,2564771.53355209,0.021,0.56,0.07,0.00241,1.33,1.62,2e+06,5.69469272719297,0.507858616291634,-5.02975048120491,0.825264841551131,"cal","Tower Soil Temp","Unburned"
"0012",0.744753933031091,0.84,0.04,0.00172923621820507,2.96895684096424,0.236906155640318,2564771.53355209,0.021,0.56,0.07,0.00241,1.33,1.62,2e+06,0.121662842558018,0.18786255372378,0.731855712340431,0.884200251027865,"val","Tower VWC","Unburned"
"0012",0.744753933031091,0.84,0.04,0.00172923621820507,2.96895684096424,0.236906155640318,2564771.53355209,0.021,0.56,0.07,0.00241,1.33,1.62,2e+06,185.964709764952,0.394567612696987,-0.492251453038905,0.963486380880495,"cal","Thaw Depth","Moderate"
"0012",0.744753933031091,0.84,0.04,0.00172923621820507,2.96895684096424,0.236906155640318,2564771.53355209,0.021,0.56,0.07,0.00241,1.33,1.62,2e+06,3.03282203064089,0.194476338246509,0.494037712561417,0.848527785083119,"cal","Tower Soil Temp","Severe"
"0012",0.744753933031091,0.84,0.04,0.00172923621820507,2.96895684096424,0.236906155640318,2564771.53355209,0.021,0.56,0.07,0.00241,1.33,1.62,2e+06,0.310718197043845,0.664206298140716,-4.34081918226347,0.567219548911379,"cal","Tower VWC","Severe"
"0012",0.744753933031091,0.84,0.04,0.00172923621820507,2.96895684096424,0.236906155640318,2564771.53355209,0.021,0.56,0.07,0.00241,1.33,1.62,2e+06,163.150261799681,0.269837528065131,0.321551182781595,0.905053930243016,"val","Thaw Depth","Severe"
"0012",0.744753933031091,0.84,0.04,0.00172923621820507,2.96895684096424,0.236906155640318,2564771.53355209,0.021,0.56,0.07,0.00241,1.33,1.62,2e+06,3.73918390716862,0.140627545998028,0.718103677084401,0.767551592735827,"val","Tower Soil Temp","Severe"
"0012",0.744753933031091,0.84,0.04,0.00172923621820507,2.96895684096424,0.236906155640318,2564771.53355209,0.021,0.56,0.07,0.00241,1.33,1.62,2e+06,191.092671206479,0.375272429242697,-0.246367428001045,0.947597622315259,"val","Thaw Depth","Unburned"
"0012",0.744753933031091,0.84,0.04,0.00172923621820507,2.96895684096424,0.236906155640318,2564771.53355209,0.021,0.56,0.07,0.00241,1.33,1.62,2e+06,4.36336910613666,0.245378934295783,0.234424089131361,0.794790657990992,"val","Tower Soil Temp","Unburned"
"0012",0.744753933031091,0.84,0.04,0.00172923621820507,2.96895684096424,0.236906155640318,2564771.53355209,0.021,0.56,0.07,0.00241,1.33,1.62,2e+06,191.156967405622,0.379333457644042,-0.413627559224852,0.86026010741908,"cal","Thaw Depth","Severe"
"0012",0.744753933031091,0.84,0.04,0.00172923621820507,2.96895684096424,0.236906155640318,2564771.53355209,0.021,0.56,0.07,0.00241,1.33,1.62,2e+06,0.225524004241666,0.354493795008206,-0.0439182445419237,0.611516888180249,"cal","Tower VWC","Unburned"
"0013",0.191936088883404,0.84,0.04,0.00225581711946707,2.01674579649777,0.216739818985225,2950697.14887673,0.021,0.56,0.07,0.00241,1.33,1.62,2e+06,3.65791774190582,0.246858976489466,0.0526049636871894,0.653860200907856,"cal","Tower Soil Temp","Moderate"
"0013",0.191936088883404,0.84,0.04,0.00225581711946707,2.01674579649777,0.216739818985225,2950697.14887673,0.021,0.56,0.07,0.00241,1.33,1.62,2e+06,0.26457701508456,0.343174480937793,-0.113433577362897,0.60130696276713,"cal","Tower VWC","Moderate"
"0013",0.191936088883404,0.84,0.04,0.00225581711946707,2.01674579649777,0.216739818985225,2950697.14887673,0.021,0.56,0.07,0.00241,1.33,1.62,2e+06,150.803913392994,0.253508016320892,0.399215257896534,0.901834215727502,"val","Thaw Depth","Moderate"
"0013",0.191936088883404,0.84,0.04,0.00225581711946707,2.01674579649777,0.216739818985225,2950697.14887673,0.021,0.56,0.07,0.00241,1.33,1.62,2e+06,3.17060154131843,0.149060832415055,0.669018018949864,0.851210887205476,"val","Tower Soil Temp","Moderate"
"0013",0.191936088883404,0.84,0.04,0.00225581711946707,2.01674579649777,0.216739818985225,2950697.14887673,0.021,0.56,0.07,0.00241,1.33,1.62,2e+06,0.351157975627387,0.44147098204881,-0.0382803081955314,0.319254422718796,"val","Tower VWC","Moderate"
"0013",0.191936088883404,0.84,0.04,0.00225581711946707,2.01674579649777,0.216739818985225,2950697.14887673,0.021,0.56,0.07,0.00241,1.33,1.62,2e+06,0.229006513385501,0.517333991081703,-0.555979835349269,0.338902423076183,"val","Tower VWC","Severe"
"0013",0.191936088883404,0.84,0.04,0.00225581711946707,2.01674579649777,0.216739818985225,2950697.14887673,0.021,0.56,0.07,0.00241,1.33,1.62,2e+06,161.793967586561,0.343283731736473,-0.129550331522598,0.862030692509543,"cal","Thaw Depth","Moderate"
"0013",0.191936088883404,0.84,0.04,0.00225581711946707,2.01674579649777,0.216739818985225,2950697.14887673,0.021,0.56,0.07,0.00241,1.33,1.62,2e+06,176.622469583164,0.394151079121172,-0.27068992689289,0.820044417164081,"cal","Thaw Depth","Unburned"
"0013",0.191936088883404,0.84,0.04,0.00225581711946707,2.01674579649777,0.216739818985225,2950697.14887673,0.021,0.56,0.07,0.00241,1.33,1.62,2e+06,4.95518129202812,0.441908217879218,-3.56538961506047,0.664571658940299,"cal","Tower Soil Temp","Unburned"
"0013",0.191936088883404,0.84,0.04,0.00225581711946707,2.01674579649777,0.216739818985225,2950697.14887673,0.021,0.56,0.07,0.00241,1.33,1.62,2e+06,0.103857763243341,0.160369297779882,0.804597299579188,0.88435145569822,"val","Tower VWC","Unburned"
"0013",0.191936088883404,0.84,0.04,0.00225581711946707,2.01674579649777,0.216739818985225,2950697.14887673,0.021,0.56,0.07,0.00241,1.33,1.62,2e+06,3.53556881716757,0.132969754579928,0.747968775863956,0.85399079521454,"val","Tower Soil Temp","Severe"
"0013",0.191936088883404,0.84,0.04,0.00225581711946707,2.01674579649777,0.216739818985225,2950697.14887673,0.021,0.56,0.07,0.00241,1.33,1.62,2e+06,3.76340179459453,0.241323952730726,0.220913874287043,0.698930356981605,"cal","Tower Soil Temp","Severe"
"0013",0.191936088883404,0.84,0.04,0.00225581711946707,2.01674579649777,0.216739818985225,2950697.14887673,0.021,0.56,0.07,0.00241,1.33,1.62,2e+06,0.273621187197479,0.584905929457552,-3.14165523706866,0.43918412447447,"cal","Tower VWC","Severe"
"0013",0.191936088883404,0.84,0.04,0.00225581711946707,2.01674579649777,0.216739818985225,2950697.14887673,0.021,0.56,0.07,0.00241,1.33,1.62,2e+06,210.189302275306,0.347636351459501,-0.126063176324177,0.735251454453729,"val","Thaw Depth","Severe"
"0013",0.191936088883404,0.84,0.04,0.00225581711946707,2.01674579649777,0.216739818985225,2950697.14887673,0.021,0.56,0.07,0.00241,1.33,1.62,2e+06,0.272209902121322,0.427877828643005,-0.52085839257251,0.547099154936358,"cal","Tower VWC","Unburned"
"0013",0.191936088883404,0.84,0.04,0.00225581711946707,2.01674579649777,0.216739818985225,2950697.14887673,0.021,0.56,0.07,0.00241,1.33,1.62,2e+06,159.230088364645,0.312699915134703,0.134617117553184,0.940411522230831,"val","Thaw Depth","Unburned"
"0013",0.191936088883404,0.84,0.04,0.00225581711946707,2.01674579649777,0.216739818985225,2950697.14887673,0.021,0.56,0.07,0.00241,1.33,1.62,2e+06,4.29985491015469,0.241807142557883,0.256549671185149,0.866359054711727,"val","Tower Soil Temp","Unburned"
"0013",0.191936088883404,0.84,0.04,0.00225581711946707,2.01674579649777,0.216739818985225,2950697.14887673,0.021,0.56,0.07,0.00241,1.33,1.62,2e+06,187.392490842503,0.371863199403975,-0.358498324252693,0.865848664371034,"cal","Thaw Depth","Severe"
"0014",1.30530883784541,0.84,0.04,0.00213797113445227,1.90129087191196,0.281224102183187,3129423.47844178,0.021,0.56,0.07,0.00241,1.33,1.62,2e+06,3.30699801942802,0.212057568465669,0.39842169650847,0.683179918276611,"cal","Tower Soil Temp","Severe"
"0014",1.30530883784541,0.84,0.04,0.00213797113445227,1.90129087191196,0.281224102183187,3129423.47844178,0.021,0.56,0.07,0.00241,1.33,1.62,2e+06,0.119108930530281,0.183918996057126,0.742995172268871,0.838478919350273,"val","Tower VWC","Unburned"
"0014",1.30530883784541,0.84,0.04,0.00213797113445227,1.90129087191196,0.281224102183187,3129423.47844178,0.021,0.56,0.07,0.00241,1.33,1.62,2e+06,0.260644294885718,0.557165894642182,-2.75812261004922,0.50237241736495,"cal","Tower VWC","Severe"
"0014",1.30530883784541,0.84,0.04,0.00213797113445227,1.90129087191196,0.281224102183187,3129423.47844178,0.021,0.56,0.07,0.00241,1.33,1.62,2e+06,158.575406414408,0.26227108192646,0.359066154332004,0.905646243728712,"val","Thaw Depth","Severe"
"0014",1.30530883784541,0.84,0.04,0.00213797113445227,1.90129087191196,0.281224102183187,3129423.47844178,0.021,0.56,0.07,0.00241,1.33,1.62,2e+06,2.68012297908278,0.100797159722141,0.85517444422688,0.87789674131458,"val","Tower Soil Temp","Severe"
"0014",1.30530883784541,0.84,0.04,0.00213797113445227,1.90129087191196,0.281224102183187,3129423.47844178,0.021,0.56,0.07,0.00241,1.33,1.62,2e+06,0.211387472896185,0.47753194178355,-0.325765730517404,0.376788905670728,"val","Tower VWC","Severe"
"0014",1.30530883784541,0.84,0.04,0.00213797113445227,1.90129087191196,0.281224102183187,3129423.47844178,0.021,0.56,0.07,0.00241,1.33,1.62,2e+06,0.270944959995641,0.425889507550063,-0.506756569311868,0.556860203041412,"cal","Tower VWC","Unburned"
"0014",1.30530883784541,0.84,0.04,0.00213797113445227,1.90129087191196,0.281224102183187,3129423.47844178,0.021,0.56,0.07,0.00241,1.33,1.62,2e+06,NA,NA,NA,NA,"fail","fail","Moderate"
"0014",1.30530883784541,0.84,0.04,0.00213797113445227,1.90129087191196,0.281224102183187,3129423.47844178,0.021,0.56,0.07,0.00241,1.33,1.62,2e+06,177.352244316097,0.395779645968754,-0.28121217997925,0.848854922471151,"cal","Thaw Depth","Unburned"
"0014",1.30530883784541,0.84,0.04,0.00213797113445227,1.90129087191196,0.281224102183187,3129423.47844178,0.021,0.56,0.07,0.00241,1.33,1.62,2e+06,5.09108135035259,0.454027926330747,-3.81924297783445,0.698890959872734,"cal","Tower Soil Temp","Unburned"
"0014",1.30530883784541,0.84,0.04,0.00213797113445227,1.90129087191196,0.281224102183187,3129423.47844178,0.021,0.56,0.07,0.00241,1.33,1.62,2e+06,179.876260268313,0.356947929660721,-0.251706301700572,0.87309587796656,"cal","Thaw Depth","Severe"
"0014",1.30530883784541,0.84,0.04,0.00213797113445227,1.90129087191196,0.281224102183187,3129423.47844178,0.021,0.56,0.07,0.00241,1.33,1.62,2e+06,4.56351246285834,0.256634219462852,0.162580948812084,0.868326503803583,"val","Tower Soil Temp","Unburned"
"0014",1.30530883784541,0.84,0.04,0.00213797113445227,1.90129087191196,0.281224102183187,3129423.47844178,0.021,0.56,0.07,0.00241,1.33,1.62,2e+06,175.935030248909,0.345505485760132,-0.0564833772854165,0.944799652378549,"val","Thaw Depth","Unburned"
"0015",1.46382568953719,0.84,0.04,0.00104971076935204,1.12212908746654,0.287035035302106,2667256.63850643,0.021,0.56,0.07,0.00241,1.33,1.62,2e+06,0.288319955223511,0.445201854066371,-0.505920463491408,0.954096335566425,"val","Tower VWC","Unburned"
"0015",1.46382568953719,0.84,0.04,0.00104971076935204,1.12212908746654,0.287035035302106,2667256.63850643,0.021,0.56,0.07,0.00241,1.33,1.62,2e+06,3.30728820776383,0.212076176469825,0.398316115153409,0.901663545447542,"cal","Tower Soil Temp","Severe"
"0015",1.46382568953719,0.84,0.04,0.00104971076935204,1.12212908746654,0.287035035302106,2667256.63850643,0.021,0.56,0.07,0.00241,1.33,1.62,2e+06,0.191793148339602,0.301473367502919,0.244999713437219,0.647743325184219,"cal","Tower VWC","Unburned"
"0015",1.46382568953719,0.84,0.04,0.00104971076935204,1.12212908746654,0.287035035302106,2667256.63850643,0.021,0.56,0.07,0.00241,1.33,1.62,2e+06,221.743190534742,0.435464663582439,-0.678257560447961,0.941131043925979,"val","Thaw Depth","Unburned"
"0015",1.46382568953719,0.84,0.04,0.00104971076935204,1.12212908746654,0.287035035302106,2667256.63850643,0.021,0.56,0.07,0.00241,1.33,1.62,2e+06,5.99327680740204,0.534486654903373,-5.67863060199133,0.759337495894475,"cal","Tower Soil Temp","Unburned"
"0015",1.46382568953719,0.84,0.04,0.00104971076935204,1.12212908746654,0.287035035302106,2667256.63850643,0.021,0.56,0.07,0.00241,1.33,1.62,2e+06,0.36396286267575,0.778024679528007,-6.32805369416704,0.636581884127556,"cal","Tower VWC","Severe"
"0015",1.46382568953719,0.84,0.04,0.00104971076935204,1.12212908746654,0.287035035302106,2667256.63850643,0.021,0.56,0.07,0.00241,1.33,1.62,2e+06,166.55202566225,0.275463774334132,0.292964243240693,0.92538489866214,"val","Thaw Depth","Severe"
"0015",1.46382568953719,0.84,0.04,0.00104971076935204,1.12212908746654,0.287035035302106,2667256.63850643,0.021,0.56,0.07,0.00241,1.33,1.62,2e+06,5.0430300712333,0.283600427651298,-0.0226510548372112,0.770282321999624,"val","Tower Soil Temp","Unburned"
"0015",1.46382568953719,0.84,0.04,0.00104971076935204,1.12212908746654,0.287035035302106,2667256.63850643,0.021,0.56,0.07,0.00241,1.33,1.62,2e+06,0.288196386258789,0.362316536986731,0.300662839956697,0.510899007474828,"val","Tower VWC","Moderate"
"0015",1.46382568953719,0.84,0.04,0.00104971076935204,1.12212908746654,0.287035035302106,2667256.63850643,0.021,0.56,0.07,0.00241,1.33,1.62,2e+06,280.078004950362,0.62502267208596,-2.19525622625758,0.918083668702843,"cal","Thaw Depth","Unburned"
"0015",1.46382568953719,0.84,0.04,0.00104971076935204,1.12212908746654,0.287035035302106,2667256.63850643,0.021,0.56,0.07,0.00241,1.33,1.62,2e+06,219.27158381315,0.465235933563924,-1.0746538401968,0.945673109187407,"cal","Thaw Depth","Moderate"
"0015",1.46382568953719,0.84,0.04,0.00104971076935204,1.12212908746654,0.287035035302106,2667256.63850643,0.021,0.56,0.07,0.00241,1.33,1.62,2e+06,3.87335062557613,0.145673442865546,0.697511141160382,0.761974964501141,"val","Tower Soil Temp","Severe"
"0015",1.46382568953719,0.84,0.04,0.00104971076935204,1.12212908746654,0.287035035302106,2667256.63850643,0.021,0.56,0.07,0.00241,1.33,1.62,2e+06,0.321862900535101,0.727099925907608,-2.0736197383303,0.60816668725201,"val","Tower VWC","Severe"
"0015",1.46382568953719,0.84,0.04,0.00104971076935204,1.12212908746654,0.287035035302106,2667256.63850643,0.021,0.56,0.07,0.00241,1.33,1.62,2e+06,177.372057195115,0.298170235497207,0.168879341658279,0.954399654210923,"val","Thaw Depth","Moderate"
"0015",1.46382568953719,0.84,0.04,0.00104971076935204,1.12212908746654,0.287035035302106,2667256.63850643,0.021,0.56,0.07,0.00241,1.33,1.62,2e+06,3.73331773491097,0.175516047028827,0.541107536719047,0.789011928086627,"val","Tower Soil Temp","Moderate"
"0015",1.46382568953719,0.84,0.04,0.00104971076935204,1.12212908746654,0.287035035302106,2667256.63850643,0.021,0.56,0.07,0.00241,1.33,1.62,2e+06,4.31468079904569,0.291181420984122,-0.318137085987731,0.73293770096105,"cal","Tower Soil Temp","Moderate"
"0015",1.46382568953719,0.84,0.04,0.00104971076935204,1.12212908746654,0.287035035302106,2667256.63850643,0.021,0.56,0.07,0.00241,1.33,1.62,2e+06,0.182408919745225,0.236596842442964,0.470760522772898,0.649662022245196,"cal","Tower VWC","Moderate"
"0015",1.46382568953719,0.84,0.04,0.00104971076935204,1.12212908746654,0.287035035302106,2667256.63850643,0.021,0.56,0.07,0.00241,1.33,1.62,2e+06,201.273726869912,0.39940923829607,-0.567216212462764,0.927456778924073,"cal","Thaw Depth","Severe"
"0016",0.61942927044672,0.84,0.04,0.00220024917651678,3.01524759556584,0.269068598880549,1971906.60788142,0.021,0.56,0.07,0.00241,1.33,1.62,2e+06,171.13309075728,0.339597912204383,-0.132981261839622,0.938132665749251,"cal","Thaw Depth","Severe"
"0016",0.61942927044672,0.84,0.04,0.00220024917651678,3.01524759556584,0.269068598880549,1971906.60788142,0.021,0.56,0.07,0.00241,1.33,1.62,2e+06,3.05780787610081,0.196078527786135,0.485666650626533,0.88141931992483,"cal","Tower Soil Temp","Severe"
"0016",0.61942927044672,0.84,0.04,0.00220024917651678,3.01524759556584,0.269068598880549,1971906.60788142,0.021,0.56,0.07,0.00241,1.33,1.62,2e+06,NA,NA,NA,NA,"fail","fail","Moderate"
"0016",0.61942927044672,0.84,0.04,0.00220024917651678,3.01524759556584,0.269068598880549,1971906.60788142,0.021,0.56,0.07,0.00241,1.33,1.62,2e+06,0.294775403278045,0.630126208432584,-3.80681029626466,0.531044859973276,"cal","Tower VWC","Severe"
"0016",0.61942927044672,0.84,0.04,0.00220024917651678,3.01524759556584,0.269068598880549,1971906.60788142,0.021,0.56,0.07,0.00241,1.33,1.62,2e+06,160.171194956216,0.264910388971917,0.346101455135319,0.919726832634369,"val","Thaw Depth","Severe"
"0016",0.61942927044672,0.84,0.04,0.00220024917651678,3.01524759556584,0.269068598880549,1971906.60788142,0.021,0.56,0.07,0.00241,1.33,1.62,2e+06,3.63320678472924,0.136641836006067,0.733856421411391,0.792752901744229,"val","Tower Soil Temp","Severe"
"0016",0.61942927044672,0.84,0.04,0.00220024917651678,3.01524759556584,0.269068598880549,1971906.60788142,0.021,0.56,0.07,0.00241,1.33,1.62,2e+06,0.230351282980447,0.520371874202816,-0.574307505835655,0.398543555651964,"val","Tower VWC","Severe"
"0016",0.61942927044672,0.84,0.04,0.00220024917651678,3.01524759556584,0.269068598880549,1971906.60788142,0.021,0.56,0.07,0.00241,1.33,1.62,2e+06,NA,NA,NA,NA,"fail","fail","Unburned"
"0017",1.44059307776843,0.84,0.04,0.00206013011576398,1.52435273613387,0.190844393281732,2078026.97987086,0.021,0.56,0.07,0.00241,1.33,1.62,2e+06,0.203406678106273,0.319728294530625,0.150797323191092,0.620104443103596,"cal","Tower VWC","Unburned"
"0017",1.44059307776843,0.84,0.04,0.00206013011576398,1.52435273613387,0.190844393281732,2078026.97987086,0.021,0.56,0.07,0.00241,1.33,1.62,2e+06,189.805854687001,0.372745347705738,-0.229637890003885,0.96386680996296,"val","Thaw Depth","Unburned"
"0017",1.44059307776843,0.84,0.04,0.00206013011576398,1.52435273613387,0.190844393281732,2078026.97987086,0.021,0.56,0.07,0.00241,1.33,1.62,2e+06,4.88806101288984,0.274885569600059,0.039234076100283,0.762824173558169,"val","Tower Soil Temp","Unburned"
"0017",1.44059307776843,0.84,0.04,0.00206013011576398,1.52435273613387,0.190844393281732,2078026.97987086,0.021,0.56,0.07,0.00241,1.33,1.62,2e+06,5.68364228403711,0.506873126285519,-5.00637195329218,0.772766315218615,"cal","Tower Soil Temp","Unburned"
"0017",1.44059307776843,0.84,0.04,0.00206013011576398,1.52435273613387,0.190844393281732,2078026.97987086,0.021,0.56,0.07,0.00241,1.33,1.62,2e+06,3.15084523364988,0.202044444820987,0.45389212631019,0.848309112807896,"cal","Tower Soil Temp","Severe"
"0017",1.44059307776843,0.84,0.04,0.00206013011576398,1.52435273613387,0.190844393281732,2078026.97987086,0.021,0.56,0.07,0.00241,1.33,1.62,2e+06,0.285629460348213,0.610575396944152,-3.51315757586144,0.589344580169218,"cal","Tower VWC","Severe"
"0017",1.44059307776843,0.84,0.04,0.00206013011576398,1.52435273613387,0.190844393281732,2078026.97987086,0.021,0.56,0.07,0.00241,1.33,1.62,2e+06,163.586136114854,0.270558429438234,0.317921235359421,0.915781818820823,"val","Thaw Depth","Severe"
"0017",1.44059307776843,0.84,0.04,0.00206013011576398,1.52435273613387,0.190844393281732,2078026.97987086,0.021,0.56,0.07,0.00241,1.33,1.62,2e+06,187.674329159614,0.372422481677476,-0.362587760315026,0.851376800431525,"cal","Thaw Depth","Severe"
"0017",1.44059307776843,0.84,0.04,0.00206013011576398,1.52435273613387,0.190844393281732,2078026.97987086,0.021,0.56,0.07,0.00241,1.33,1.62,2e+06,0.225623950000704,0.509692658134119,-0.510353795899128,0.483055538021363,"val","Tower VWC","Severe"
"0017",1.44059307776843,0.84,0.04,0.00206013011576398,1.52435273613387,0.190844393281732,2078026.97987086,0.021,0.56,0.07,0.00241,1.33,1.62,2e+06,214.1866767723,0.454447114360377,-0.979547112597886,0.920750514781189,"cal","Thaw Depth","Moderate"
"0017",1.44059307776843,0.84,0.04,0.00206013011576398,1.52435273613387,0.190844393281732,2078026.97987086,0.021,0.56,0.07,0.00241,1.33,1.62,2e+06,4.27215083469897,0.28831123520917,-0.292279308064196,0.711628160500668,"cal","Tower Soil Temp","Moderate"
"0017",1.44059307776843,0.84,0.04,0.00206013011576398,1.52435273613387,0.190844393281732,2078026.97987086,0.021,0.56,0.07,0.00241,1.33,1.62,2e+06,0.209623729242217,0.271896311370626,0.301058263282054,0.593703401512365,"cal","Tower VWC","Moderate"
"0017",1.44059307776843,0.84,0.04,0.00206013011576398,1.52435273613387,0.190844393281732,2078026.97987086,0.021,0.56,0.07,0.00241,1.33,1.62,2e+06,158.163621034442,0.265880008817022,0.339143950928309,0.944215232790726,"val","Thaw Depth","Moderate"
"0017",1.44059307776843,0.84,0.04,0.00206013011576398,1.52435273613387,0.190844393281732,2078026.97987086,0.021,0.56,0.07,0.00241,1.33,1.62,2e+06,0.0890016187904725,0.137429563866676,0.856501142701873,0.93373883745183,"val","Tower VWC","Unburned"
"0017",1.44059307776843,0.84,0.04,0.00206013011576398,1.52435273613387,0.190844393281732,2078026.97987086,0.021,0.56,0.07,0.00241,1.33,1.62,2e+06,0.312376936659185,0.392715992709391,0.178386687930233,0.391340847227029,"val","Tower VWC","Moderate"
"0017",1.44059307776843,0.84,0.04,0.00206013011576398,1.52435273613387,0.190844393281732,2078026.97987086,0.021,0.56,0.07,0.00241,1.33,1.62,2e+06,3.67337599415849,0.172697980596784,0.555725092370843,0.765869182223332,"val","Tower Soil Temp","Moderate"
"0017",1.44059307776843,0.84,0.04,0.00206013011576398,1.52435273613387,0.190844393281732,2078026.97987086,0.021,0.56,0.07,0.00241,1.33,1.62,2e+06,3.95768420552153,0.148845157519702,0.684195703331779,0.758996407910401,"val","Tower Soil Temp","Severe"
"0017",1.44059307776843,0.84,0.04,0.00206013011576398,1.52435273613387,0.190844393281732,2078026.97987086,0.021,0.56,0.07,0.00241,1.33,1.62,2e+06,240.840361954514,0.537459864446117,-1.3626871746807,0.92824284236019,"cal","Thaw Depth","Unburned"
"0018",0.768440656120957,0.84,0.04,0.00244454604751407,4.66569445337655,0.3124637103235,2906064.85563586,0.021,0.56,0.07,0.00241,1.33,1.62,2e+06,183.108567001148,0.36336214571454,-0.29709584134122,0.943645157836071,"cal","Thaw Depth","Severe"
"0018",0.768440656120957,0.84,0.04,0.00244454604751407,4.66569445337655,0.3124637103235,2906064.85563586,0.021,0.56,0.07,0.00241,1.33,1.62,2e+06,NA,NA,NA,NA,"fail","fail","Moderate"
"0018",0.768440656120957,0.84,0.04,0.00244454604751407,4.66569445337655,0.3124637103235,2906064.85563586,0.021,0.56,0.07,0.00241,1.33,1.62,2e+06,0.284111991528305,0.607331581947142,-3.46533069122841,0.574183339467878,"cal","Tower VWC","Severe"
"0018",0.768440656120957,0.84,0.04,0.00244454604751407,4.66569445337655,0.3124637103235,2906064.85563586,0.021,0.56,0.07,0.00241,1.33,1.62,2e+06,169.05313760242,0.279600414115798,0.271569686012426,0.915356529929415,"val","Thaw Depth","Severe"
"0018",0.768440656120957,0.84,0.04,0.00244454604751407,4.66569445337655,0.3124637103235,2906064.85563586,0.021,0.56,0.07,0.00241,1.33,1.62,2e+06,3.82946028166449,0.144022764131754,0.704327524081789,0.775042488470094,"val","Tower Soil Temp","Severe"
"0018",0.768440656120957,0.84,0.04,0.00244454604751407,4.66569445337655,0.3124637103235,2906064.85563586,0.021,0.56,0.07,0.00241,1.33,1.62,2e+06,3.0039811168544,0.192626946739783,0.503614951566231,0.87597701973929,"cal","Tower Soil Temp","Severe"
"0018",0.768440656120957,0.84,0.04,0.00244454604751407,4.66569445337655,0.3124637103235,2906064.85563586,0.021,0.56,0.07,0.00241,1.33,1.62,2e+06,NA,NA,NA,NA,"fail","fail","Unburned"
"0018",0.768440656120957,0.84,0.04,0.00244454604751407,4.66569445337655,0.3124637103235,2906064.85563586,0.021,0.56,0.07,0.00241,1.33,1.62,2e+06,0.224265552070931,0.506623988112043,-0.492221985654214,0.378185718025991,"val","Tower VWC","Severe"
"0019",1.37373203160133,0.84,0.04,0.000978497731732088,1.50158019757953,0.202335858776642,3071832.15663978,0.021,0.56,0.07,0.00241,1.33,1.62,2e+06,0.316486683283311,0.676537294289134,-4.54096466304328,0.623329830014041,"cal","Tower VWC","Severe"
"0019",1.37373203160133,0.84,0.04,0.000978497731732088,1.50158019757953,0.202335858776642,3071832.15663978,0.021,0.56,0.07,0.00241,1.33,1.62,2e+06,170.386527194171,0.281805734214074,0.260033528152147,0.910004187045811,"val","Thaw Depth","Severe"
"0019",1.37373203160133,0.84,0.04,0.000978497731732088,1.50158019757953,0.202335858776642,3071832.15663978,0.021,0.56,0.07,0.00241,1.33,1.62,2e+06,4.20407952960924,0.158111877379459,0.643649309007204,0.735075735339741,"val","Tower Soil Temp","Severe"
"0019",1.37373203160133,0.84,0.04,0.000978497731732088,1.50158019757953,0.202335858776642,3071832.15663978,0.021,0.56,0.07,0.00241,1.33,1.62,2e+06,5.72700551506248,0.51074030429871,-5.09837255861937,0.810457784968113,"cal","Tower Soil Temp","Unburned"
"0019",1.37373203160133,0.84,0.04,0.000978497731732088,1.50158019757953,0.202335858776642,3071832.15663978,0.021,0.56,0.07,0.00241,1.33,1.62,2e+06,0.208742192817247,0.328115015334804,0.105662538401067,0.595351346479942,"cal","Tower VWC","Unburned"
"0019",1.37373203160133,0.84,0.04,0.000978497731732088,1.50158019757953,0.202335858776642,3071832.15663978,0.021,0.56,0.07,0.00241,1.33,1.62,2e+06,189.805854687001,0.372745347705738,-0.229637890003885,0.96386680996296,"val","Thaw Depth","Unburned"
"0019",1.37373203160133,0.84,0.04,0.000978497731732088,1.50158019757953,0.202335858776642,3071832.15663978,0.021,0.56,0.07,0.00241,1.33,1.62,2e+06,3.11775473349514,0.199922553316697,0.465302455722183,0.901232176452392,"cal","Tower Soil Temp","Severe"
"0019",1.37373203160133,0.84,0.04,0.000978497731732088,1.50158019757953,0.202335858776642,3071832.15663978,0.021,0.56,0.07,0.00241,1.33,1.62,2e+06,0.235742955814441,0.532551858014549,-0.648867447802813,0.516801986929113,"val","Tower VWC","Severe"
"0019",1.37373203160133,0.84,0.04,0.000978497731732088,1.50158019757953,0.202335858776642,3071832.15663978,0.021,0.56,0.07,0.00241,1.33,1.62,2e+06,0.290180827045556,0.364811348677641,0.290998796749089,0.432164331749293,"val","Tower VWC","Moderate"
"0019",1.37373203160133,0.84,0.04,0.000978497731732088,1.50158019757953,0.202335858776642,3071832.15663978,0.021,0.56,0.07,0.00241,1.33,1.62,2e+06,234.969415010044,0.498542552802098,-1.38233926356567,0.882489725905327,"cal","Thaw Depth","Moderate"
"0019",1.37373203160133,0.84,0.04,0.000978497731732088,1.50158019757953,0.202335858776642,3071832.15663978,0.021,0.56,0.07,0.00241,1.33,1.62,2e+06,5.06334745651694,0.284742998501324,-0.0309077773390172,0.736271388466929,"val","Tower Soil Temp","Unburned"
"0019",1.37373203160133,0.84,0.04,0.000978497731732088,1.50158019757953,0.202335858776642,3071832.15663978,0.021,0.56,0.07,0.00241,1.33,1.62,2e+06,207.598954374481,0.411961071756589,-0.667266648138988,0.86617832021021,"cal","Thaw Depth","Severe"
"0019",1.37373203160133,0.84,0.04,0.000978497731732088,1.50158019757953,0.202335858776642,3071832.15663978,0.021,0.56,0.07,0.00241,1.33,1.62,2e+06,254.258353874364,0.567403483779091,-1.63328668556334,0.903055532992278,"cal","Thaw Depth","Unburned"
"0019",1.37373203160133,0.84,0.04,0.000978497731732088,1.50158019757953,0.202335858776642,3071832.15663978,0.021,0.56,0.07,0.00241,1.33,1.62,2e+06,3.6970397010621,0.17381049246657,0.549982661459867,0.75319958981146,"val","Tower Soil Temp","Moderate"
"0019",1.37373203160133,0.84,0.04,0.000978497731732088,1.50158019757953,0.202335858776642,3071832.15663978,0.021,0.56,0.07,0.00241,1.33,1.62,2e+06,4.28254522364351,0.289012713043591,-0.298575337975142,0.717037154583385,"cal","Tower Soil Temp","Moderate"
"0019",1.37373203160133,0.84,0.04,0.000978497731732088,1.50158019757953,0.202335858776642,3071832.15663978,0.021,0.56,0.07,0.00241,1.33,1.62,2e+06,0.195564371752521,0.25366036329591,0.39166953924511,0.614847892398316,"cal","Tower VWC","Moderate"
"0019",1.37373203160133,0.84,0.04,0.000978497731732088,1.50158019757953,0.202335858776642,3071832.15663978,0.021,0.56,0.07,0.00241,1.33,1.62,2e+06,0.105208476563945,0.16245496706413,0.79948166255117,0.924291956677217,"val","Tower VWC","Unburned"
"0019",1.37373203160133,0.84,0.04,0.000978497731732088,1.50158019757953,0.202335858776642,3071832.15663978,0.021,0.56,0.07,0.00241,1.33,1.62,2e+06,153.535255426818,0.258099522504715,0.377255496873446,0.946330341822657,"val","Thaw Depth","Moderate"
"0020",0.571120793048854,0.84,0.04,0.000353156741356244,3.55137607723412,0.263990916510229,3245673.09341719,0.021,0.56,0.07,0.00241,1.33,1.62,2e+06,0.357090887661205,0.763334812218167,-6.05394443225396,0.518754035859697,"cal","Tower VWC","Severe"
"0020",0.571120793048854,0.84,0.04,0.000353156741356244,3.55137607723412,0.263990916510229,3245673.09341719,0.021,0.56,0.07,0.00241,1.33,1.62,2e+06,176.451259860876,0.291836318615886,0.206419355546264,0.88643453943548,"val","Thaw Depth","Severe"
"0020",0.571120793048854,0.84,0.04,0.000353156741356244,3.55137607723412,0.263990916510229,3245673.09341719,0.021,0.56,0.07,0.00241,1.33,1.62,2e+06,3.20120825197047,0.120394736359498,0.793384159365048,0.826673032185409,"val","Tower Soil Temp","Severe"
"0020",0.571120793048854,0.84,0.04,0.000353156741356244,3.55137607723412,0.263990916510229,3245673.09341719,0.021,0.56,0.07,0.00241,1.33,1.62,2e+06,3.13039869782933,0.200733333461325,0.460956760718164,0.903666746572341,"cal","Tower Soil Temp","Severe"
"0020",0.571120793048854,0.84,0.04,0.000353156741356244,3.55137607723412,0.263990916510229,3245673.09341719,0.021,0.56,0.07,0.00241,1.33,1.62,2e+06,5.5919480413451,0.498695738418197,-4.81413356967015,0.773019893664818,"cal","Tower Soil Temp","Unburned"
"0020",0.571120793048854,0.84,0.04,0.000353156741356244,3.55137607723412,0.263990916510229,3245673.09341719,0.021,0.56,0.07,0.00241,1.33,1.62,2e+06,0.27562976517352,0.433253399353797,-0.559312534951802,0.557467157865297,"cal","Tower VWC","Unburned"
"0020",0.571120793048854,0.84,0.04,0.000353156741356244,3.55137607723412,0.263990916510229,3245673.09341719,0.021,0.56,0.07,0.00241,1.33,1.62,2e+06,219.289334923691,0.430645722330764,-0.64131919684587,0.949113771364935,"val","Thaw Depth","Unburned"
"0020",0.571120793048854,0.84,0.04,0.000353156741356244,3.55137607723412,0.263990916510229,3245673.09341719,0.021,0.56,0.07,0.00241,1.33,1.62,2e+06,0.286061517178514,0.646223306879173,-1.42787973652794,0.397164666397716,"val","Tower VWC","Severe"
"0020",0.571120793048854,0.84,0.04,0.000353156741356244,3.55137607723412,0.263990916510229,3245673.09341719,0.021,0.56,0.07,0.00241,1.33,1.62,2e+06,0.14069066818291,0.217243881979351,0.641422350884004,0.893798105214966,"val","Tower VWC","Unburned"
"0020",0.571120793048854,0.84,0.04,0.000353156741356244,3.55137607723412,0.263990916510229,3245673.09341719,0.021,0.56,0.07,0.00241,1.33,1.62,2e+06,0.347310892603548,0.436634482130153,-0.0156553306645724,0.34066479146886,"val","Tower VWC","Moderate"
"0020",0.571120793048854,0.84,0.04,0.000353156741356244,3.55137607723412,0.263990916510229,3245673.09341719,0.021,0.56,0.07,0.00241,1.33,1.62,2e+06,217.676882908232,0.461852402732647,-1.04458681943035,0.950850623332917,"cal","Thaw Depth","Moderate"
"0020",0.571120793048854,0.84,0.04,0.000353156741356244,3.55137607723412,0.263990916510229,3245673.09341719,0.021,0.56,0.07,0.00241,1.33,1.62,2e+06,4.85689543613326,0.273132938588283,0.0514464312607908,0.762023307354432,"val","Tower Soil Temp","Unburned"
"0020",0.571120793048854,0.84,0.04,0.000353156741356244,3.55137607723412,0.263990916510229,3245673.09341719,0.021,0.56,0.07,0.00241,1.33,1.62,2e+06,201.447848675514,0.399754767038583,-0.569928981366352,0.910351631568364,"cal","Thaw Depth","Severe"
"0020",0.571120793048854,0.84,0.04,0.000353156741356244,3.55137607723412,0.263990916510229,3245673.09341719,0.021,0.56,0.07,0.00241,1.33,1.62,2e+06,267.218104389395,0.596324490617551,-1.90856945560614,0.92154264772155,"cal","Thaw Depth","Unburned"
"0020",0.571120793048854,0.84,0.04,0.000353156741356244,3.55137607723412,0.263990916510229,3245673.09341719,0.021,0.56,0.07,0.00241,1.33,1.62,2e+06,3.24053385872652,0.152348590056537,0.654256403503597,0.852224790025888,"val","Tower Soil Temp","Moderate"
"0020",0.571120793048854,0.84,0.04,0.000353156741356244,3.55137607723412,0.263990916510229,3245673.09341719,0.021,0.56,0.07,0.00241,1.33,1.62,2e+06,4.36360930209683,0.294483419836091,-0.348201955809987,0.642608993092742,"cal","Tower Soil Temp","Moderate"
"0020",0.571120793048854,0.84,0.04,0.000353156741356244,3.55137607723412,0.263990916510229,3245673.09341719,0.021,0.56,0.07,0.00241,1.33,1.62,2e+06,0.263060809729933,0.3412078589113,-0.100708687375398,0.558425507434284,"cal","Tower VWC","Moderate"
"0020",0.571120793048854,0.84,0.04,0.000353156741356244,3.55137607723412,0.263990916510229,3245673.09341719,0.021,0.56,0.07,0.00241,1.33,1.62,2e+06,161.063504985369,0.270754841382172,0.314688589959288,0.955346672081953,"val","Thaw Depth","Moderate"
"0021",1.59144851887948,0.84,0.04,0.00166985578797641,3.64629732579205,0.304196722711495,2396945.74330607,0.021,0.56,0.07,0.00241,1.33,1.62,2e+06,3.1031710731164,0.198987392321414,0.470292976393014,0.904234558281808,"cal","Tower Soil Temp","Severe"
"0021",1.59144851887948,0.84,0.04,0.00166985578797641,3.64629732579205,0.304196722711495,2396945.74330607,0.021,0.56,0.07,0.00241,1.33,1.62,2e+06,0.302736332171005,0.647143876403309,-4.06994897075127,0.587489374283719,"cal","Tower VWC","Severe"
"0021",1.59144851887948,0.84,0.04,0.00166985578797641,3.64629732579205,0.304196722711495,2396945.74330607,0.021,0.56,0.07,0.00241,1.33,1.62,2e+06,172.734466981073,0.285689039463816,0.239499422774582,0.918282377151981,"val","Thaw Depth","Severe"
"0021",1.59144851887948,0.84,0.04,0.00166985578797641,3.64629732579205,0.304196722711495,2396945.74330607,0.021,0.56,0.07,0.00241,1.33,1.62,2e+06,4.05411354223443,0.152471783361281,0.66861902269266,0.754444111588452,"val","Tower Soil Temp","Severe"
"0021",1.59144851887948,0.84,0.04,0.00166985578797641,3.64629732579205,0.304196722711495,2396945.74330607,0.021,0.56,0.07,0.00241,1.33,1.62,2e+06,0.261486112281791,0.590706578949828,-1.02864264777574,0.402803960055073,"val","Tower VWC","Severe"
"0021",1.59144851887948,0.84,0.04,0.00166985578797641,3.64629732579205,0.304196722711495,2396945.74330607,0.021,0.56,0.07,0.00241,1.33,1.62,2e+06,4.2076476009772,0.283958156933408,-0.253550845942836,0.697088543847188,"cal","Tower Soil Temp","Moderate"
"0021",1.59144851887948,0.84,0.04,0.00166985578797641,3.64629732579205,0.304196722711495,2396945.74330607,0.021,0.56,0.07,0.00241,1.33,1.62,2e+06,0.224161030484975,0.290752185175934,0.200754282619416,0.631572437932315,"cal","Tower VWC","Moderate"
"0021",1.59144851887948,0.84,0.04,0.00166985578797641,3.64629732579205,0.304196722711495,2396945.74330607,0.021,0.56,0.07,0.00241,1.33,1.62,2e+06,168.083513408636,0.282555784540065,0.253647647601225,0.93122645695559,"val","Thaw Depth","Moderate"
"0021",1.59144851887948,0.84,0.04,0.00166985578797641,3.64629732579205,0.304196722711495,2396945.74330607,0.021,0.56,0.07,0.00241,1.33,1.62,2e+06,3.58149495881809,0.168378338588,0.577672164466373,0.766845530617764,"val","Tower Soil Temp","Moderate"
"0021",1.59144851887948,0.84,0.04,0.00166985578797641,3.64629732579205,0.304196722711495,2396945.74330607,0.021,0.56,0.07,0.00241,1.33,1.62,2e+06,0.347816942441259,0.437270681033,-0.0186172110327747,0.328000490215237,"val","Tower VWC","Moderate"
"0021",1.59144851887948,0.84,0.04,0.00166985578797641,3.64629732579205,0.304196722711495,2396945.74330607,0.021,0.56,0.07,0.00241,1.33,1.62,2e+06,NA,NA,NA,NA,"fail","fail","Unburned"
"0021",1.59144851887948,0.84,0.04,0.00166985578797641,3.64629732579205,0.304196722711495,2396945.74330607,0.021,0.56,0.07,0.00241,1.33,1.62,2e+06,213.957813770527,0.453961527991015,-0.975318996666274,0.967653629042187,"cal","Thaw Depth","Moderate"
"0021",1.59144851887948,0.84,0.04,0.00166985578797641,3.64629732579205,0.304196722711495,2396945.74330607,0.021,0.56,0.07,0.00241,1.33,1.62,2e+06,192.719161060934,0.382433487576624,-0.436827170867493,0.93812071925742,"cal","Thaw Depth","Severe"
"0022",1.19526954417571,0.84,0.04,0.00209520434000099,4.74442051825232,0.196144780199975,2697210.9006932,0.021,0.56,0.07,0.00241,1.33,1.62,2e+06,0.223810786990018,0.290297895412535,0.203249916423872,0.647590615513203,"cal","Tower VWC","Moderate"
"0022",1.19526954417571,0.84,0.04,0.00209520434000099,4.74442051825232,0.196144780199975,2697210.9006932,0.021,0.56,0.07,0.00241,1.33,1.62,2e+06,0.0999396557357954,0.154319252699103,0.819062606703071,0.895132056558646,"val","Tower VWC","Unburned"
"0022",1.19526954417571,0.84,0.04,0.00209520434000099,4.74442051825232,0.196144780199975,2697210.9006932,0.021,0.56,0.07,0.00241,1.33,1.62,2e+06,3.97487405399665,0.268249154266906,-0.11869057658431,0.725920459478545,"cal","Tower Soil Temp","Moderate"
"0022",1.19526954417571,0.84,0.04,0.00209520434000099,4.74442051825232,0.196144780199975,2697210.9006932,0.021,0.56,0.07,0.00241,1.33,1.62,2e+06,198.96628865814,0.444013593335105,-0.612525828058427,0.933671197693272,"cal","Thaw Depth","Unburned"
"0022",1.19526954417571,0.84,0.04,0.00209520434000099,4.74442051825232,0.196144780199975,2697210.9006932,0.021,0.56,0.07,0.00241,1.33,1.62,2e+06,151.005428501183,0.253846772087811,0.397608560975235,0.944115521415444,"val","Thaw Depth","Moderate"
"0022",1.19526954417571,0.84,0.04,0.00209520434000099,4.74442051825232,0.196144780199975,2697210.9006932,0.021,0.56,0.07,0.00241,1.33,1.62,2e+06,3.41118493358914,0.160371481277667,0.616882890085983,0.794920823850198,"val","Tower Soil Temp","Moderate"
"0022",1.19526954417571,0.84,0.04,0.00209520434000099,4.74442051825232,0.196144780199975,2697210.9006932,0.021,0.56,0.07,0.00241,1.33,1.62,2e+06,0.349627541532441,0.439546941332805,-0.0292498602383973,0.328987486714654,"val","Tower VWC","Moderate"
"0022",1.19526954417571,0.84,0.04,0.00209520434000099,4.74442051825232,0.196144780199975,2697210.9006932,0.021,0.56,0.07,0.00241,1.33,1.62,2e+06,4.60061850074275,0.258720918939917,0.148907432104136,0.791366030413463,"val","Tower Soil Temp","Unburned"
"0022",1.19526954417571,0.84,0.04,0.00209520434000099,4.74442051825232,0.196144780199975,2697210.9006932,0.021,0.56,0.07,0.00241,1.33,1.62,2e+06,5.39451798125914,0.481088720457273,-4.41083187725704,0.846953733583197,"cal","Tower Soil Temp","Unburned"
"0022",1.19526954417571,0.84,0.04,0.00209520434000099,4.74442051825232,0.196144780199975,2697210.9006932,0.021,0.56,0.07,0.00241,1.33,1.62,2e+06,0.223402363415905,0.351158857290613,-0.0243690927821953,0.616981308664053,"cal","Tower VWC","Unburned"
"0022",1.19526954417571,0.84,0.04,0.00209520434000099,4.74442051825232,0.196144780199975,2697210.9006932,0.021,0.56,0.07,0.00241,1.33,1.62,2e+06,183.881366450881,0.361110693805348,-0.154073511218019,0.934081427021568,"val","Thaw Depth","Unburned"
"0022",1.19526954417571,0.84,0.04,0.00209520434000099,4.74442051825232,0.196144780199975,2697210.9006932,0.021,0.56,0.07,0.00241,1.33,1.62,2e+06,NA,NA,NA,NA,"fail","fail","Severe"
"0022",1.19526954417571,0.84,0.04,0.00209520434000099,4.74442051825232,0.196144780199975,2697210.9006932,0.021,0.56,0.07,0.00241,1.33,1.62,2e+06,177.955794401096,0.37757482616559,-0.366486055825344,0.972899939752089,"cal","Thaw Depth","Moderate"
"0023",1.54476257722778,0.84,0.04,0.0023336111828062,4.13917193932459,0.299033773285628,2979083.61298218,0.021,0.56,0.07,0.00241,1.33,1.62,2e+06,NA,NA,NA,NA,"fail","fail","Moderate"
"0023",1.54476257722778,0.84,0.04,0.0023336111828062,4.13917193932459,0.299033773285628,2979083.61298218,0.021,0.56,0.07,0.00241,1.33,1.62,2e+06,3.01062486890273,0.193052969947714,0.501416864489472,0.881299292804673,"cal","Tower Soil Temp","Severe"
"0023",1.54476257722778,0.84,0.04,0.0023336111828062,4.13917193932459,0.299033773285628,2979083.61298218,0.021,0.56,0.07,0.00241,1.33,1.62,2e+06,0.283526727051063,0.606080492195846,-3.4469526731385,0.539312872065806,"cal","Tower VWC","Severe"
"0023",1.54476257722778,0.84,0.04,0.0023336111828062,4.13917193932459,0.299033773285628,2979083.61298218,0.021,0.56,0.07,0.00241,1.33,1.62,2e+06,175.707349044786,0.290605949424319,0.213096652989063,0.919021492836006,"val","Thaw Depth","Severe"
"0023",1.54476257722778,0.84,0.04,0.0023336111828062,4.13917193932459,0.299033773285628,2979083.61298218,0.021,0.56,0.07,0.00241,1.33,1.62,2e+06,169.765926034909,0.336884899289685,-0.114951029157649,0.935867586752271,"cal","Thaw Depth","Severe"
"0023",1.54476257722778,0.84,0.04,0.0023336111828062,4.13917193932459,0.299033773285628,2979083.61298218,0.021,0.56,0.07,0.00241,1.33,1.62,2e+06,NA,NA,NA,NA,"fail","fail","Unburned"
"0023",1.54476257722778,0.84,0.04,0.0023336111828062,4.13917193932459,0.299033773285628,2979083.61298218,0.021,0.56,0.07,0.00241,1.33,1.62,2e+06,3.67993466819398,0.138399232203866,0.726966475017176,0.7901807276483,"val","Tower Soil Temp","Severe"
"0023",1.54476257722778,0.84,0.04,0.0023336111828062,4.13917193932459,0.299033773285628,2979083.61298218,0.021,0.56,0.07,0.00241,1.33,1.62,2e+06,0.242093411276157,0.5468977664371,-0.738898509055048,0.403339279803866,"val","Tower VWC","Severe"
"0024",0.816914881381889,0.84,0.04,0.00203567788856255,4.54779509514263,0.217668918007694,3036825.33305348,0.021,0.56,0.07,0.00241,1.33,1.62,2e+06,NA,NA,NA,NA,"fail","fail","Moderate"
"0024",0.816914881381889,0.84,0.04,0.00203567788856255,4.54779509514263,0.217668918007694,3036825.33305348,0.021,0.56,0.07,0.00241,1.33,1.62,2e+06,3.0129197096196,0.193200124055329,0.500656487491484,0.874724645575459,"cal","Tower Soil Temp","Severe"
"0024",0.816914881381889,0.84,0.04,0.00203567788856255,4.54779509514263,0.217668918007694,3036825.33305348,0.021,0.56,0.07,0.00241,1.33,1.62,2e+06,0.286476408788549,0.612385875035309,-3.53996208596101,0.558937150823302,"cal","Tower VWC","Severe"
"0024",0.816914881381889,0.84,0.04,0.00203567788856255,4.54779509514263,0.217668918007694,3036825.33305348,0.021,0.56,0.07,0.00241,1.33,1.62,2e+06,155.666815010608,0.257460503592749,0.382362553127607,0.920571882905327,"val","Thaw Depth","Severe"
"0024",0.816914881381889,0.84,0.04,0.00203567788856255,4.54779509514263,0.217668918007694,3036825.33305348,0.021,0.56,0.07,0.00241,1.33,1.62,2e+06,163.779919903754,0.325006219511347,-0.0377101100838915,0.953760426257931,"cal","Thaw Depth","Severe"
"0024",0.816914881381889,0.84,0.04,0.00203567788856255,4.54779509514263,0.217668918007694,3036825.33305348,0.021,0.56,0.07,0.00241,1.33,1.62,2e+06,3.68308349259644,0.138517656827925,0.726499019733325,0.785484421979203,"val","Tower Soil Temp","Severe"
"0024",0.816914881381889,0.84,0.04,0.00203567788856255,4.54779509514263,0.217668918007694,3036825.33305348,0.021,0.56,0.07,0.00241,1.33,1.62,2e+06,NA,NA,NA,NA,"fail","fail","Unburned"
"0024",0.816914881381889,0.84,0.04,0.00203567788856255,4.54779509514263,0.217668918007694,3036825.33305348,0.021,0.56,0.07,0.00241,1.33,1.62,2e+06,0.230061696893133,0.519717688764607,-0.570351712933843,0.379564205084119,"val","Tower VWC","Severe"
"0025",1.40296512595112,0.84,0.04,0.000888407555635436,3.98138903432032,0.208709250430693,2375947.965011,0.021,0.56,0.07,0.00241,1.33,1.62,2e+06,262.099018947153,0.584900728646977,-1.7981981948811,0.928163641851462,"cal","Thaw Depth","Unburned"
"0025",1.40296512595112,0.84,0.04,0.000888407555635436,3.98138903432032,0.208709250430693,2375947.965011,0.021,0.56,0.07,0.00241,1.33,1.62,2e+06,5.75640760460888,0.513362413204044,-5.16115062498102,0.770225165209849,"cal","Tower Soil Temp","Unburned"
"0025",1.40296512595112,0.84,0.04,0.000888407555635436,3.98138903432032,0.208709250430693,2375947.965011,0.021,0.56,0.07,0.00241,1.33,1.62,2e+06,0.131999029612615,0.203822911504483,0.68435849304646,0.900246494441986,"val","Tower VWC","Unburned"
"0025",1.40296512595112,0.84,0.04,0.000888407555635436,3.98138903432032,0.208709250430693,2375947.965011,0.021,0.56,0.07,0.00241,1.33,1.62,2e+06,4.35536897962338,0.293927311767165,-0.343114823438855,0.693506451469034,"cal","Tower Soil Temp","Moderate"
"0025",1.40296512595112,0.84,0.04,0.000888407555635436,3.98138903432032,0.208709250430693,2375947.965011,0.021,0.56,0.07,0.00241,1.33,1.62,2e+06,0.23224992433186,0.301244033632153,0.142031681433428,0.623117123754579,"cal","Tower VWC","Moderate"
"0025",1.40296512595112,0.84,0.04,0.000888407555635436,3.98138903432032,0.208709250430693,2375947.965011,0.021,0.56,0.07,0.00241,1.33,1.62,2e+06,0.243235887111125,0.382334523520669,-0.214328652579541,0.621858474225112,"cal","Tower VWC","Unburned"
"0025",1.40296512595112,0.84,0.04,0.000888407555635436,3.98138903432032,0.208709250430693,2375947.965011,0.021,0.56,0.07,0.00241,1.33,1.62,2e+06,213.057938454809,0.418408354588255,-0.549364030045041,0.953104163952354,"val","Thaw Depth","Unburned"
"0025",1.40296512595112,0.84,0.04,0.000888407555635436,3.98138903432032,0.208709250430693,2375947.965011,0.021,0.56,0.07,0.00241,1.33,1.62,2e+06,0.344203418849227,0.432727808822904,0.0024379860688245,0.34063392020111,"val","Tower VWC","Moderate"
"0025",1.40296512595112,0.84,0.04,0.000888407555635436,3.98138903432032,0.208709250430693,2375947.965011,0.021,0.56,0.07,0.00241,1.33,1.62,2e+06,3.22799872835414,0.206991826824089,0.426820030643458,0.896000863999778,"cal","Tower Soil Temp","Severe"
"0025",1.40296512595112,0.84,0.04,0.000888407555635436,3.98138903432032,0.208709250430693,2375947.965011,0.021,0.56,0.07,0.00241,1.33,1.62,2e+06,159.601189895261,0.268296625349255,0.327076150202832,0.95841359713695,"val","Thaw Depth","Moderate"
"0025",1.40296512595112,0.84,0.04,0.000888407555635436,3.98138903432032,0.208709250430693,2375947.965011,0.021,0.56,0.07,0.00241,1.33,1.62,2e+06,3.63651211600237,0.170964883488116,0.564597321918339,0.78057373012007,"val","Tower Soil Temp","Moderate"
"0025",1.40296512595112,0.84,0.04,0.000888407555635436,3.98138903432032,0.208709250430693,2375947.965011,0.021,0.56,0.07,0.00241,1.33,1.62,2e+06,203.498748233918,0.40382458898297,-0.602057957381495,0.925622347011933,"cal","Thaw Depth","Severe"
"0025",1.40296512595112,0.84,0.04,0.000888407555635436,3.98138903432032,0.208709250430693,2375947.965011,0.021,0.56,0.07,0.00241,1.33,1.62,2e+06,5.03284397535152,0.283027601174483,-0.01852405126468,0.753090151440119,"val","Tower Soil Temp","Unburned"
"0025",1.40296512595112,0.84,0.04,0.000888407555635436,3.98138903432032,0.208709250430693,2375947.965011,0.021,0.56,0.07,0.00241,1.33,1.62,2e+06,0.350247330433353,0.748705692148368,-5.78616110976572,0.585010187373928,"cal","Tower VWC","Severe"
"0025",1.40296512595112,0.84,0.04,0.000888407555635436,3.98138903432032,0.208709250430693,2375947.965011,0.021,0.56,0.07,0.00241,1.33,1.62,2e+06,177.454088617697,0.293494917442687,0.197373379261155,0.919989118028869,"val","Thaw Depth","Severe"
"0025",1.40296512595112,0.84,0.04,0.000888407555635436,3.98138903432032,0.208709250430693,2375947.965011,0.021,0.56,0.07,0.00241,1.33,1.62,2e+06,4.19600387408979,0.157808158801764,0.645017028833209,0.740263893979171,"val","Tower Soil Temp","Severe"
"0025",1.40296512595112,0.84,0.04,0.000888407555635436,3.98138903432032,0.208709250430693,2375947.965011,0.021,0.56,0.07,0.00241,1.33,1.62,2e+06,216.881584575677,0.460164991369197,-1.02967401832152,0.952844863105422,"cal","Thaw Depth","Moderate"
"0025",1.40296512595112,0.84,0.04,0.000888407555635436,3.98138903432032,0.208709250430693,2375947.965011,0.021,0.56,0.07,0.00241,1.33,1.62,2e+06,0.283554485629971,0.640559831995415,-1.38551053533191,0.401615055616296,"val","Tower VWC","Severe"
"0026",0.137744546752453,0.84,0.04,0.00241137333366286,4.60123835996564,0.207224942749017,2678463.88986916,0.021,0.56,0.07,0.00241,1.33,1.62,2e+06,0.0994563888535009,0.153573028554334,0.820808252811464,0.900142772455379,"val","Tower VWC","Unburned"
"0026",0.137744546752453,0.84,0.04,0.00241137333366286,4.60123835996564,0.207224942749017,2678463.88986916,0.021,0.56,0.07,0.00241,1.33,1.62,2e+06,249.338018981967,0.556423253958656,-1.53235560148235,0.935018586446275,"cal","Thaw Depth","Unburned"
"0026",0.137744546752453,0.84,0.04,0.00241137333366286,4.60123835996564,0.207224942749017,2678463.88986916,0.021,0.56,0.07,0.00241,1.33,1.62,2e+06,5.69002558015789,0.507442395268163,-5.01987103678263,0.799869764030788,"cal","Tower Soil Temp","Unburned"
"0026",0.137744546752453,0.84,0.04,0.00241137333366286,4.60123835996564,0.207224942749017,2678463.88986916,0.021,0.56,0.07,0.00241,1.33,1.62,2e+06,0.22987318423211,0.361330128573543,-0.0845699402643099,0.626789026907428,"cal","Tower VWC","Unburned"
"0026",0.137744546752453,0.84,0.04,0.00241137333366286,4.60123835996564,0.207224942749017,2678463.88986916,0.021,0.56,0.07,0.00241,1.33,1.62,2e+06,4.72528859386407,0.26573188084677,0.102155698079125,0.75861972493081,"val","Tower Soil Temp","Unburned"
"0026",0.137744546752453,0.84,0.04,0.00241137333366286,4.60123835996564,0.207224942749017,2678463.88986916,0.021,0.56,0.07,0.00241,1.33,1.62,2e+06,206.432419657732,0.437994644847204,-0.838809519171035,0.958701831890267,"cal","Thaw Depth","Moderate"
"0026",0.137744546752453,0.84,0.04,0.00241137333366286,4.60123835996564,0.207224942749017,2678463.88986916,0.021,0.56,0.07,0.00241,1.33,1.62,2e+06,4.08235215285661,0.275502442982409,-0.180005863871722,0.73845687971034,"cal","Tower Soil Temp","Moderate"
"0026",0.137744546752453,0.84,0.04,0.00241137333366286,4.60123835996564,0.207224942749017,2678463.88986916,0.021,0.56,0.07,0.00241,1.33,1.62,2e+06,211.828543677089,0.4159940392625,-0.531535222115669,0.940319616100294,"val","Thaw Depth","Unburned"
"0026",0.137744546752453,0.84,0.04,0.00241137333366286,4.60123835996564,0.207224942749017,2678463.88986916,0.021,0.56,0.07,0.00241,1.33,1.62,2e+06,147.404366913971,0.247793229052462,0.425996724287273,0.934643666610538,"val","Thaw Depth","Moderate"
"0026",0.137744546752453,0.84,0.04,0.00241137333366286,4.60123835996564,0.207224942749017,2678463.88986916,0.021,0.56,0.07,0.00241,1.33,1.62,2e+06,3.39062105076334,0.159404702749443,0.62148811004992,0.793427524921564,"val","Tower Soil Temp","Moderate"
"0026",0.137744546752453,0.84,0.04,0.00241137333366286,4.60123835996564,0.207224942749017,2678463.88986916,0.021,0.56,0.07,0.00241,1.33,1.62,2e+06,0.360551362464505,0.453280218915317,-0.0945707186939018,0.324688804317514,"val","Tower VWC","Moderate"
"0026",0.137744546752453,0.84,0.04,0.00241137333366286,4.60123835996564,0.207224942749017,2678463.88986916,0.021,0.56,0.07,0.00241,1.33,1.62,2e+06,0.236209624099821,0.3063800350044,0.112526761356051,0.621135633008269,"cal","Tower VWC","Moderate"
"0026",0.137744546752453,0.84,0.04,0.00241137333366286,4.60123835996564,0.207224942749017,2678463.88986916,0.021,0.56,0.07,0.00241,1.33,1.62,2e+06,170.330325011566,0.338004897258955,-0.122376821519979,0.937561144466953,"cal","Thaw Depth","Severe"
"0026",0.137744546752453,0.84,0.04,0.00241137333366286,4.60123835996564,0.207224942749017,2678463.88986916,0.021,0.56,0.07,0.00241,1.33,1.62,2e+06,3.02315282143667,0.193856310964731,0.497258776270883,0.880055143960549,"cal","Tower Soil Temp","Severe"
"0026",0.137744546752453,0.84,0.04,0.00241137333366286,4.60123835996564,0.207224942749017,2678463.88986916,0.021,0.56,0.07,0.00241,1.33,1.62,2e+06,0.276505691832626,0.591071986559804,-3.22943787034074,0.548207352412589,"cal","Tower VWC","Severe"
"0026",0.137744546752453,0.84,0.04,0.00241137333366286,4.60123835996564,0.207224942749017,2678463.88986916,0.021,0.56,0.07,0.00241,1.33,1.62,2e+06,163.509922387793,0.270432378008786,0.318556639515129,0.910500449097446,"val","Thaw Depth","Severe"
"0026",0.137744546752453,0.84,0.04,0.00241137333366286,4.60123835996564,0.207224942749017,2678463.88986916,0.021,0.56,0.07,0.00241,1.33,1.62,2e+06,3.55800718357721,0.133813642573332,0.744759609579691,0.798287629131669,"val","Tower Soil Temp","Severe"
"0026",0.137744546752453,0.84,0.04,0.00241137333366286,4.60123835996564,0.207224942749017,2678463.88986916,0.021,0.56,0.07,0.00241,1.33,1.62,2e+06,0.206012659486586,0.465390044020903,-0.259204051332968,0.359470072273757,"val","Tower VWC","Severe"
