"number","SnowCorrFactor","ThresTempRain","ThresTempSnow"
"0001",0.5,0,-4
"0002",0.5,0,-3.75
"0003",0.5,0,-3.5
"0004",0.5,0,-3.25
"0005",0.5,0,-3
"0006",0.5,0,-2.75
"0007",0.5,0,-2.5
"0008",0.5,0,-2.25
"0009",0.5,0,-2
"0010",0.5,0,-1.75
"0011",0.5,0,-1.5
"0012",0.5,0,-1.25
"0013",0.5,0,-1
"0014",0.5,0,-0.75
"0015",0.5,0,-0.5
"0016",0.5,0,-0.25
"0017",0.5,0,0
"0018",0.5,0.25,-4
"0019",0.5,0.25,-3.75
"0020",0.5,0.25,-3.5
"0021",0.5,0.25,-3.25
"0022",0.5,0.25,-3
"0023",0.5,0.25,-2.75
"0024",0.5,0.25,-2.5
"0025",0.5,0.25,-2.25
"0026",0.5,0.25,-2
"0027",0.5,0.25,-1.75
"0028",0.5,0.25,-1.5
"0029",0.5,0.25,-1.25
"0030",0.5,0.25,-1
"0031",0.5,0.25,-0.75
"0032",0.5,0.25,-0.5
"0033",0.5,0.25,-0.25
"0034",0.5,0.25,0
"0035",0.5,0.5,-4
"0036",0.5,0.5,-3.75
"0037",0.5,0.5,-3.5
"0038",0.5,0.5,-3.25
"0039",0.5,0.5,-3
"0040",0.5,0.5,-2.75
"0041",0.5,0.5,-2.5
"0042",0.5,0.5,-2.25
"0043",0.5,0.5,-2
"0044",0.5,0.5,-1.75
"0045",0.5,0.5,-1.5
"0046",0.5,0.5,-1.25
"0047",0.5,0.5,-1
"0048",0.5,0.5,-0.75
"0049",0.5,0.5,-0.5
"0050",0.5,0.5,-0.25
"0051",0.5,0.5,0
"0052",0.5,0.75,-4
"0053",0.5,0.75,-3.75
"0054",0.5,0.75,-3.5
"0055",0.5,0.75,-3.25
"0056",0.5,0.75,-3
"0057",0.5,0.75,-2.75
"0058",0.5,0.75,-2.5
"0059",0.5,0.75,-2.25
"0060",0.5,0.75,-2
"0061",0.5,0.75,-1.75
"0062",0.5,0.75,-1.5
"0063",0.5,0.75,-1.25
"0064",0.5,0.75,-1
"0065",0.5,0.75,-0.75
"0066",0.5,0.75,-0.5
"0067",0.5,0.75,-0.25
"0068",0.5,0.75,0
"0069",0.5,1,-4
"0070",0.5,1,-3.75
"0071",0.5,1,-3.5
"0072",0.5,1,-3.25
"0073",0.5,1,-3
"0074",0.5,1,-2.75
"0075",0.5,1,-2.5
"0076",0.5,1,-2.25
"0077",0.5,1,-2
"0078",0.5,1,-1.75
"0079",0.5,1,-1.5
"0080",0.5,1,-1.25
"0081",0.5,1,-1
"0082",0.5,1,-0.75
"0083",0.5,1,-0.5
"0084",0.5,1,-0.25
"0085",0.5,1,0
"0086",0.5,1.25,-4
"0087",0.5,1.25,-3.75
"0088",0.5,1.25,-3.5
"0089",0.5,1.25,-3.25
"0090",0.5,1.25,-3
"0091",0.5,1.25,-2.75
"0092",0.5,1.25,-2.5
"0093",0.5,1.25,-2.25
"0094",0.5,1.25,-2
"0095",0.5,1.25,-1.75
"0096",0.5,1.25,-1.5
"0097",0.5,1.25,-1.25
"0098",0.5,1.25,-1
"0099",0.5,1.25,-0.75
"0100",0.5,1.25,-0.5
"0101",0.5,1.25,-0.25
"0102",0.5,1.25,0
"0103",0.5,1.5,-4
"0104",0.5,1.5,-3.75
"0105",0.5,1.5,-3.5
"0106",0.5,1.5,-3.25
"0107",0.5,1.5,-3
"0108",0.5,1.5,-2.75
"0109",0.5,1.5,-2.5
"0110",0.5,1.5,-2.25
"0111",0.5,1.5,-2
"0112",0.5,1.5,-1.75
"0113",0.5,1.5,-1.5
"0114",0.5,1.5,-1.25
"0115",0.5,1.5,-1
"0116",0.5,1.5,-0.75
"0117",0.5,1.5,-0.5
"0118",0.5,1.5,-0.25
"0119",0.5,1.5,0
"0120",0.5,1.75,-4
"0121",0.5,1.75,-3.75
"0122",0.5,1.75,-3.5
"0123",0.5,1.75,-3.25
"0124",0.5,1.75,-3
"0125",0.5,1.75,-2.75
"0126",0.5,1.75,-2.5
"0127",0.5,1.75,-2.25
"0128",0.5,1.75,-2
"0129",0.5,1.75,-1.75
"0130",0.5,1.75,-1.5
"0131",0.5,1.75,-1.25
"0132",0.5,1.75,-1
"0133",0.5,1.75,-0.75
"0134",0.5,1.75,-0.5
"0135",0.5,1.75,-0.25
"0136",0.5,1.75,0
"0137",0.5,2,-4
"0138",0.5,2,-3.75
"0139",0.5,2,-3.5
"0140",0.5,2,-3.25
"0141",0.5,2,-3
"0142",0.5,2,-2.75
"0143",0.5,2,-2.5
"0144",0.5,2,-2.25
"0145",0.5,2,-2
"0146",0.5,2,-1.75
"0147",0.5,2,-1.5
"0148",0.5,2,-1.25
"0149",0.5,2,-1
"0150",0.5,2,-0.75
"0151",0.5,2,-0.5
"0152",0.5,2,-0.25
"0153",0.5,2,0
"0154",0.5,2.25,-4
"0155",0.5,2.25,-3.75
"0156",0.5,2.25,-3.5
"0157",0.5,2.25,-3.25
"0158",0.5,2.25,-3
"0159",0.5,2.25,-2.75
"0160",0.5,2.25,-2.5
"0161",0.5,2.25,-2.25
"0162",0.5,2.25,-2
"0163",0.5,2.25,-1.75
"0164",0.5,2.25,-1.5
"0165",0.5,2.25,-1.25
"0166",0.5,2.25,-1
"0167",0.5,2.25,-0.75
"0168",0.5,2.25,-0.5
"0169",0.5,2.25,-0.25
"0170",0.5,2.25,0
"0171",0.5,2.5,-4
"0172",0.5,2.5,-3.75
"0173",0.5,2.5,-3.5
"0174",0.5,2.5,-3.25
"0175",0.5,2.5,-3
"0176",0.5,2.5,-2.75
"0177",0.5,2.5,-2.5
"0178",0.5,2.5,-2.25
"0179",0.5,2.5,-2
"0180",0.5,2.5,-1.75
"0181",0.5,2.5,-1.5
"0182",0.5,2.5,-1.25
"0183",0.5,2.5,-1
"0184",0.5,2.5,-0.75
"0185",0.5,2.5,-0.5
"0186",0.5,2.5,-0.25
"0187",0.5,2.5,0
"0188",0.5,2.75,-4
"0189",0.5,2.75,-3.75
"0190",0.5,2.75,-3.5
"0191",0.5,2.75,-3.25
"0192",0.5,2.75,-3
"0193",0.5,2.75,-2.75
"0194",0.5,2.75,-2.5
"0195",0.5,2.75,-2.25
"0196",0.5,2.75,-2
"0197",0.5,2.75,-1.75
"0198",0.5,2.75,-1.5
"0199",0.5,2.75,-1.25
"0200",0.5,2.75,-1
"0201",0.5,2.75,-0.75
"0202",0.5,2.75,-0.5
"0203",0.5,2.75,-0.25
"0204",0.5,2.75,0
"0205",0.5,3,-4
"0206",0.5,3,-3.75
"0207",0.5,3,-3.5
"0208",0.5,3,-3.25
"0209",0.5,3,-3
"0210",0.5,3,-2.75
"0211",0.5,3,-2.5
"0212",0.5,3,-2.25
"0213",0.5,3,-2
"0214",0.5,3,-1.75
"0215",0.5,3,-1.5
"0216",0.5,3,-1.25
"0217",0.5,3,-1
"0218",0.5,3,-0.75
"0219",0.5,3,-0.5
"0220",0.5,3,-0.25
"0221",0.5,3,0
"0222",0.5,3.25,-4
"0223",0.5,3.25,-3.75
"0224",0.5,3.25,-3.5
"0225",0.5,3.25,-3.25
"0226",0.5,3.25,-3
"0227",0.5,3.25,-2.75
"0228",0.5,3.25,-2.5
"0229",0.5,3.25,-2.25
"0230",0.5,3.25,-2
"0231",0.5,3.25,-1.75
"0232",0.5,3.25,-1.5
"0233",0.5,3.25,-1.25
"0234",0.5,3.25,-1
"0235",0.5,3.25,-0.75
"0236",0.5,3.25,-0.5
"0237",0.5,3.25,-0.25
"0238",0.5,3.25,0
"0239",0.5,3.5,-4
"0240",0.5,3.5,-3.75
"0241",0.5,3.5,-3.5
"0242",0.5,3.5,-3.25
"0243",0.5,3.5,-3
"0244",0.5,3.5,-2.75
"0245",0.5,3.5,-2.5
"0246",0.5,3.5,-2.25
"0247",0.5,3.5,-2
"0248",0.5,3.5,-1.75
"0249",0.5,3.5,-1.5
"0250",0.5,3.5,-1.25
"0251",0.5,3.5,-1
"0252",0.5,3.5,-0.75
"0253",0.5,3.5,-0.5
"0254",0.5,3.5,-0.25
"0255",0.5,3.5,0
"0256",0.5,3.75,-4
"0257",0.5,3.75,-3.75
"0258",0.5,3.75,-3.5
"0259",0.5,3.75,-3.25
"0260",0.5,3.75,-3
"0261",0.5,3.75,-2.75
"0262",0.5,3.75,-2.5
"0263",0.5,3.75,-2.25
"0264",0.5,3.75,-2
"0265",0.5,3.75,-1.75
"0266",0.5,3.75,-1.5
"0267",0.5,3.75,-1.25
"0268",0.5,3.75,-1
"0269",0.5,3.75,-0.75
"0270",0.5,3.75,-0.5
"0271",0.5,3.75,-0.25
"0272",0.5,3.75,0
"0273",0.5,4,-4
"0274",0.5,4,-3.75
"0275",0.5,4,-3.5
"0276",0.5,4,-3.25
"0277",0.5,4,-3
"0278",0.5,4,-2.75
"0279",0.5,4,-2.5
"0280",0.5,4,-2.25
"0281",0.5,4,-2
"0282",0.5,4,-1.75
"0283",0.5,4,-1.5
"0284",0.5,4,-1.25
"0285",0.5,4,-1
"0286",0.5,4,-0.75
"0287",0.5,4,-0.5
"0288",0.5,4,-0.25
"0289",0.5,4,0
"0290",0.6,0,-4
"0291",0.6,0,-3.75
"0292",0.6,0,-3.5
"0293",0.6,0,-3.25
"0294",0.6,0,-3
"0295",0.6,0,-2.75
"0296",0.6,0,-2.5
"0297",0.6,0,-2.25
"0298",0.6,0,-2
"0299",0.6,0,-1.75
"0300",0.6,0,-1.5
"0301",0.6,0,-1.25
"0302",0.6,0,-1
"0303",0.6,0,-0.75
"0304",0.6,0,-0.5
"0305",0.6,0,-0.25
"0306",0.6,0,0
"0307",0.6,0.25,-4
"0308",0.6,0.25,-3.75
"0309",0.6,0.25,-3.5
"0310",0.6,0.25,-3.25
"0311",0.6,0.25,-3
"0312",0.6,0.25,-2.75
"0313",0.6,0.25,-2.5
"0314",0.6,0.25,-2.25
"0315",0.6,0.25,-2
"0316",0.6,0.25,-1.75
"0317",0.6,0.25,-1.5
"0318",0.6,0.25,-1.25
"0319",0.6,0.25,-1
"0320",0.6,0.25,-0.75
"0321",0.6,0.25,-0.5
"0322",0.6,0.25,-0.25
"0323",0.6,0.25,0
"0324",0.6,0.5,-4
"0325",0.6,0.5,-3.75
"0326",0.6,0.5,-3.5
"0327",0.6,0.5,-3.25
"0328",0.6,0.5,-3
"0329",0.6,0.5,-2.75
"0330",0.6,0.5,-2.5
"0331",0.6,0.5,-2.25
"0332",0.6,0.5,-2
"0333",0.6,0.5,-1.75
"0334",0.6,0.5,-1.5
"0335",0.6,0.5,-1.25
"0336",0.6,0.5,-1
"0337",0.6,0.5,-0.75
"0338",0.6,0.5,-0.5
"0339",0.6,0.5,-0.25
"0340",0.6,0.5,0
"0341",0.6,0.75,-4
"0342",0.6,0.75,-3.75
"0343",0.6,0.75,-3.5
"0344",0.6,0.75,-3.25
"0345",0.6,0.75,-3
"0346",0.6,0.75,-2.75
"0347",0.6,0.75,-2.5
"0348",0.6,0.75,-2.25
"0349",0.6,0.75,-2
"0350",0.6,0.75,-1.75
"0351",0.6,0.75,-1.5
"0352",0.6,0.75,-1.25
"0353",0.6,0.75,-1
"0354",0.6,0.75,-0.75
"0355",0.6,0.75,-0.5
"0356",0.6,0.75,-0.25
"0357",0.6,0.75,0
"0358",0.6,1,-4
"0359",0.6,1,-3.75
"0360",0.6,1,-3.5
"0361",0.6,1,-3.25
"0362",0.6,1,-3
"0363",0.6,1,-2.75
"0364",0.6,1,-2.5
"0365",0.6,1,-2.25
"0366",0.6,1,-2
"0367",0.6,1,-1.75
"0368",0.6,1,-1.5
"0369",0.6,1,-1.25
"0370",0.6,1,-1
"0371",0.6,1,-0.75
"0372",0.6,1,-0.5
"0373",0.6,1,-0.25
"0374",0.6,1,0
"0375",0.6,1.25,-4
"0376",0.6,1.25,-3.75
"0377",0.6,1.25,-3.5
"0378",0.6,1.25,-3.25
"0379",0.6,1.25,-3
"0380",0.6,1.25,-2.75
"0381",0.6,1.25,-2.5
"0382",0.6,1.25,-2.25
"0383",0.6,1.25,-2
"0384",0.6,1.25,-1.75
"0385",0.6,1.25,-1.5
"0386",0.6,1.25,-1.25
"0387",0.6,1.25,-1
"0388",0.6,1.25,-0.75
"0389",0.6,1.25,-0.5
"0390",0.6,1.25,-0.25
"0391",0.6,1.25,0
"0392",0.6,1.5,-4
"0393",0.6,1.5,-3.75
"0394",0.6,1.5,-3.5
"0395",0.6,1.5,-3.25
"0396",0.6,1.5,-3
"0397",0.6,1.5,-2.75
"0398",0.6,1.5,-2.5
"0399",0.6,1.5,-2.25
"0400",0.6,1.5,-2
"0401",0.6,1.5,-1.75
"0402",0.6,1.5,-1.5
"0403",0.6,1.5,-1.25
"0404",0.6,1.5,-1
"0405",0.6,1.5,-0.75
"0406",0.6,1.5,-0.5
"0407",0.6,1.5,-0.25
"0408",0.6,1.5,0
"0409",0.6,1.75,-4
"0410",0.6,1.75,-3.75
"0411",0.6,1.75,-3.5
"0412",0.6,1.75,-3.25
"0413",0.6,1.75,-3
"0414",0.6,1.75,-2.75
"0415",0.6,1.75,-2.5
"0416",0.6,1.75,-2.25
"0417",0.6,1.75,-2
"0418",0.6,1.75,-1.75
"0419",0.6,1.75,-1.5
"0420",0.6,1.75,-1.25
"0421",0.6,1.75,-1
"0422",0.6,1.75,-0.75
"0423",0.6,1.75,-0.5
"0424",0.6,1.75,-0.25
"0425",0.6,1.75,0
"0426",0.6,2,-4
"0427",0.6,2,-3.75
"0428",0.6,2,-3.5
"0429",0.6,2,-3.25
"0430",0.6,2,-3
"0431",0.6,2,-2.75
"0432",0.6,2,-2.5
"0433",0.6,2,-2.25
"0434",0.6,2,-2
"0435",0.6,2,-1.75
"0436",0.6,2,-1.5
"0437",0.6,2,-1.25
"0438",0.6,2,-1
"0439",0.6,2,-0.75
"0440",0.6,2,-0.5
"0441",0.6,2,-0.25
"0442",0.6,2,0
"0443",0.6,2.25,-4
"0444",0.6,2.25,-3.75
"0445",0.6,2.25,-3.5
"0446",0.6,2.25,-3.25
"0447",0.6,2.25,-3
"0448",0.6,2.25,-2.75
"0449",0.6,2.25,-2.5
"0450",0.6,2.25,-2.25
"0451",0.6,2.25,-2
"0452",0.6,2.25,-1.75
"0453",0.6,2.25,-1.5
"0454",0.6,2.25,-1.25
"0455",0.6,2.25,-1
"0456",0.6,2.25,-0.75
"0457",0.6,2.25,-0.5
"0458",0.6,2.25,-0.25
"0459",0.6,2.25,0
"0460",0.6,2.5,-4
"0461",0.6,2.5,-3.75
"0462",0.6,2.5,-3.5
"0463",0.6,2.5,-3.25
"0464",0.6,2.5,-3
"0465",0.6,2.5,-2.75
"0466",0.6,2.5,-2.5
"0467",0.6,2.5,-2.25
"0468",0.6,2.5,-2
"0469",0.6,2.5,-1.75
"0470",0.6,2.5,-1.5
"0471",0.6,2.5,-1.25
"0472",0.6,2.5,-1
"0473",0.6,2.5,-0.75
"0474",0.6,2.5,-0.5
"0475",0.6,2.5,-0.25
"0476",0.6,2.5,0
"0477",0.6,2.75,-4
"0478",0.6,2.75,-3.75
"0479",0.6,2.75,-3.5
"0480",0.6,2.75,-3.25
"0481",0.6,2.75,-3
"0482",0.6,2.75,-2.75
"0483",0.6,2.75,-2.5
"0484",0.6,2.75,-2.25
"0485",0.6,2.75,-2
"0486",0.6,2.75,-1.75
"0487",0.6,2.75,-1.5
"0488",0.6,2.75,-1.25
"0489",0.6,2.75,-1
"0490",0.6,2.75,-0.75
"0491",0.6,2.75,-0.5
"0492",0.6,2.75,-0.25
"0493",0.6,2.75,0
"0494",0.6,3,-4
"0495",0.6,3,-3.75
"0496",0.6,3,-3.5
"0497",0.6,3,-3.25
"0498",0.6,3,-3
"0499",0.6,3,-2.75
"0500",0.6,3,-2.5
"0501",0.6,3,-2.25
"0502",0.6,3,-2
"0503",0.6,3,-1.75
"0504",0.6,3,-1.5
"0505",0.6,3,-1.25
"0506",0.6,3,-1
"0507",0.6,3,-0.75
"0508",0.6,3,-0.5
"0509",0.6,3,-0.25
"0510",0.6,3,0
"0511",0.6,3.25,-4
"0512",0.6,3.25,-3.75
"0513",0.6,3.25,-3.5
"0514",0.6,3.25,-3.25
"0515",0.6,3.25,-3
"0516",0.6,3.25,-2.75
"0517",0.6,3.25,-2.5
"0518",0.6,3.25,-2.25
"0519",0.6,3.25,-2
"0520",0.6,3.25,-1.75
"0521",0.6,3.25,-1.5
"0522",0.6,3.25,-1.25
"0523",0.6,3.25,-1
"0524",0.6,3.25,-0.75
"0525",0.6,3.25,-0.5
"0526",0.6,3.25,-0.25
"0527",0.6,3.25,0
"0528",0.6,3.5,-4
"0529",0.6,3.5,-3.75
"0530",0.6,3.5,-3.5
"0531",0.6,3.5,-3.25
"0532",0.6,3.5,-3
"0533",0.6,3.5,-2.75
"0534",0.6,3.5,-2.5
"0535",0.6,3.5,-2.25
"0536",0.6,3.5,-2
"0537",0.6,3.5,-1.75
"0538",0.6,3.5,-1.5
"0539",0.6,3.5,-1.25
"0540",0.6,3.5,-1
"0541",0.6,3.5,-0.75
"0542",0.6,3.5,-0.5
"0543",0.6,3.5,-0.25
"0544",0.6,3.5,0
"0545",0.6,3.75,-4
"0546",0.6,3.75,-3.75
"0547",0.6,3.75,-3.5
"0548",0.6,3.75,-3.25
"0549",0.6,3.75,-3
"0550",0.6,3.75,-2.75
"0551",0.6,3.75,-2.5
"0552",0.6,3.75,-2.25
"0553",0.6,3.75,-2
"0554",0.6,3.75,-1.75
"0555",0.6,3.75,-1.5
"0556",0.6,3.75,-1.25
"0557",0.6,3.75,-1
"0558",0.6,3.75,-0.75
"0559",0.6,3.75,-0.5
"0560",0.6,3.75,-0.25
"0561",0.6,3.75,0
"0562",0.6,4,-4
"0563",0.6,4,-3.75
"0564",0.6,4,-3.5
"0565",0.6,4,-3.25
"0566",0.6,4,-3
"0567",0.6,4,-2.75
"0568",0.6,4,-2.5
"0569",0.6,4,-2.25
"0570",0.6,4,-2
"0571",0.6,4,-1.75
"0572",0.6,4,-1.5
"0573",0.6,4,-1.25
"0574",0.6,4,-1
"0575",0.6,4,-0.75
"0576",0.6,4,-0.5
"0577",0.6,4,-0.25
"0578",0.6,4,0
"0579",0.7,0,-4
"0580",0.7,0,-3.75
"0581",0.7,0,-3.5
"0582",0.7,0,-3.25
"0583",0.7,0,-3
"0584",0.7,0,-2.75
"0585",0.7,0,-2.5
"0586",0.7,0,-2.25
"0587",0.7,0,-2
"0588",0.7,0,-1.75
"0589",0.7,0,-1.5
"0590",0.7,0,-1.25
"0591",0.7,0,-1
"0592",0.7,0,-0.75
"0593",0.7,0,-0.5
"0594",0.7,0,-0.25
"0595",0.7,0,0
"0596",0.7,0.25,-4
"0597",0.7,0.25,-3.75
"0598",0.7,0.25,-3.5
"0599",0.7,0.25,-3.25
"0600",0.7,0.25,-3
"0601",0.7,0.25,-2.75
"0602",0.7,0.25,-2.5
"0603",0.7,0.25,-2.25
"0604",0.7,0.25,-2
"0605",0.7,0.25,-1.75
"0606",0.7,0.25,-1.5
"0607",0.7,0.25,-1.25
"0608",0.7,0.25,-1
"0609",0.7,0.25,-0.75
"0610",0.7,0.25,-0.5
"0611",0.7,0.25,-0.25
"0612",0.7,0.25,0
"0613",0.7,0.5,-4
"0614",0.7,0.5,-3.75
"0615",0.7,0.5,-3.5
"0616",0.7,0.5,-3.25
"0617",0.7,0.5,-3
"0618",0.7,0.5,-2.75
"0619",0.7,0.5,-2.5
"0620",0.7,0.5,-2.25
"0621",0.7,0.5,-2
"0622",0.7,0.5,-1.75
"0623",0.7,0.5,-1.5
"0624",0.7,0.5,-1.25
"0625",0.7,0.5,-1
"0626",0.7,0.5,-0.75
"0627",0.7,0.5,-0.5
"0628",0.7,0.5,-0.25
"0629",0.7,0.5,0
"0630",0.7,0.75,-4
"0631",0.7,0.75,-3.75
"0632",0.7,0.75,-3.5
"0633",0.7,0.75,-3.25
"0634",0.7,0.75,-3
"0635",0.7,0.75,-2.75
"0636",0.7,0.75,-2.5
"0637",0.7,0.75,-2.25
"0638",0.7,0.75,-2
"0639",0.7,0.75,-1.75
"0640",0.7,0.75,-1.5
"0641",0.7,0.75,-1.25
"0642",0.7,0.75,-1
"0643",0.7,0.75,-0.75
"0644",0.7,0.75,-0.5
"0645",0.7,0.75,-0.25
"0646",0.7,0.75,0
"0647",0.7,1,-4
"0648",0.7,1,-3.75
"0649",0.7,1,-3.5
"0650",0.7,1,-3.25
"0651",0.7,1,-3
"0652",0.7,1,-2.75
"0653",0.7,1,-2.5
"0654",0.7,1,-2.25
"0655",0.7,1,-2
"0656",0.7,1,-1.75
"0657",0.7,1,-1.5
"0658",0.7,1,-1.25
"0659",0.7,1,-1
"0660",0.7,1,-0.75
"0661",0.7,1,-0.5
"0662",0.7,1,-0.25
"0663",0.7,1,0
"0664",0.7,1.25,-4
"0665",0.7,1.25,-3.75
"0666",0.7,1.25,-3.5
"0667",0.7,1.25,-3.25
"0668",0.7,1.25,-3
"0669",0.7,1.25,-2.75
"0670",0.7,1.25,-2.5
"0671",0.7,1.25,-2.25
"0672",0.7,1.25,-2
"0673",0.7,1.25,-1.75
"0674",0.7,1.25,-1.5
"0675",0.7,1.25,-1.25
"0676",0.7,1.25,-1
"0677",0.7,1.25,-0.75
"0678",0.7,1.25,-0.5
"0679",0.7,1.25,-0.25
"0680",0.7,1.25,0
"0681",0.7,1.5,-4
"0682",0.7,1.5,-3.75
"0683",0.7,1.5,-3.5
"0684",0.7,1.5,-3.25
"0685",0.7,1.5,-3
"0686",0.7,1.5,-2.75
"0687",0.7,1.5,-2.5
"0688",0.7,1.5,-2.25
"0689",0.7,1.5,-2
"0690",0.7,1.5,-1.75
"0691",0.7,1.5,-1.5
"0692",0.7,1.5,-1.25
"0693",0.7,1.5,-1
"0694",0.7,1.5,-0.75
"0695",0.7,1.5,-0.5
"0696",0.7,1.5,-0.25
"0697",0.7,1.5,0
"0698",0.7,1.75,-4
"0699",0.7,1.75,-3.75
"0700",0.7,1.75,-3.5
"0701",0.7,1.75,-3.25
"0702",0.7,1.75,-3
"0703",0.7,1.75,-2.75
"0704",0.7,1.75,-2.5
"0705",0.7,1.75,-2.25
"0706",0.7,1.75,-2
"0707",0.7,1.75,-1.75
"0708",0.7,1.75,-1.5
"0709",0.7,1.75,-1.25
"0710",0.7,1.75,-1
"0711",0.7,1.75,-0.75
"0712",0.7,1.75,-0.5
"0713",0.7,1.75,-0.25
"0714",0.7,1.75,0
"0715",0.7,2,-4
"0716",0.7,2,-3.75
"0717",0.7,2,-3.5
"0718",0.7,2,-3.25
"0719",0.7,2,-3
"0720",0.7,2,-2.75
"0721",0.7,2,-2.5
"0722",0.7,2,-2.25
"0723",0.7,2,-2
"0724",0.7,2,-1.75
"0725",0.7,2,-1.5
"0726",0.7,2,-1.25
"0727",0.7,2,-1
"0728",0.7,2,-0.75
"0729",0.7,2,-0.5
"0730",0.7,2,-0.25
"0731",0.7,2,0
"0732",0.7,2.25,-4
"0733",0.7,2.25,-3.75
"0734",0.7,2.25,-3.5
"0735",0.7,2.25,-3.25
"0736",0.7,2.25,-3
"0737",0.7,2.25,-2.75
"0738",0.7,2.25,-2.5
"0739",0.7,2.25,-2.25
"0740",0.7,2.25,-2
"0741",0.7,2.25,-1.75
"0742",0.7,2.25,-1.5
"0743",0.7,2.25,-1.25
"0744",0.7,2.25,-1
"0745",0.7,2.25,-0.75
"0746",0.7,2.25,-0.5
"0747",0.7,2.25,-0.25
"0748",0.7,2.25,0
"0749",0.7,2.5,-4
"0750",0.7,2.5,-3.75
"0751",0.7,2.5,-3.5
"0752",0.7,2.5,-3.25
"0753",0.7,2.5,-3
"0754",0.7,2.5,-2.75
"0755",0.7,2.5,-2.5
"0756",0.7,2.5,-2.25
"0757",0.7,2.5,-2
"0758",0.7,2.5,-1.75
"0759",0.7,2.5,-1.5
"0760",0.7,2.5,-1.25
"0761",0.7,2.5,-1
"0762",0.7,2.5,-0.75
"0763",0.7,2.5,-0.5
"0764",0.7,2.5,-0.25
"0765",0.7,2.5,0
"0766",0.7,2.75,-4
"0767",0.7,2.75,-3.75
"0768",0.7,2.75,-3.5
"0769",0.7,2.75,-3.25
"0770",0.7,2.75,-3
"0771",0.7,2.75,-2.75
"0772",0.7,2.75,-2.5
"0773",0.7,2.75,-2.25
"0774",0.7,2.75,-2
"0775",0.7,2.75,-1.75
"0776",0.7,2.75,-1.5
"0777",0.7,2.75,-1.25
"0778",0.7,2.75,-1
"0779",0.7,2.75,-0.75
"0780",0.7,2.75,-0.5
"0781",0.7,2.75,-0.25
"0782",0.7,2.75,0
"0783",0.7,3,-4
"0784",0.7,3,-3.75
"0785",0.7,3,-3.5
"0786",0.7,3,-3.25
"0787",0.7,3,-3
"0788",0.7,3,-2.75
"0789",0.7,3,-2.5
"0790",0.7,3,-2.25
"0791",0.7,3,-2
"0792",0.7,3,-1.75
"0793",0.7,3,-1.5
"0794",0.7,3,-1.25
"0795",0.7,3,-1
"0796",0.7,3,-0.75
"0797",0.7,3,-0.5
"0798",0.7,3,-0.25
"0799",0.7,3,0
"0800",0.7,3.25,-4
"0801",0.7,3.25,-3.75
"0802",0.7,3.25,-3.5
"0803",0.7,3.25,-3.25
"0804",0.7,3.25,-3
"0805",0.7,3.25,-2.75
"0806",0.7,3.25,-2.5
"0807",0.7,3.25,-2.25
"0808",0.7,3.25,-2
"0809",0.7,3.25,-1.75
"0810",0.7,3.25,-1.5
"0811",0.7,3.25,-1.25
"0812",0.7,3.25,-1
"0813",0.7,3.25,-0.75
"0814",0.7,3.25,-0.5
"0815",0.7,3.25,-0.25
"0816",0.7,3.25,0
"0817",0.7,3.5,-4
"0818",0.7,3.5,-3.75
"0819",0.7,3.5,-3.5
"0820",0.7,3.5,-3.25
"0821",0.7,3.5,-3
"0822",0.7,3.5,-2.75
"0823",0.7,3.5,-2.5
"0824",0.7,3.5,-2.25
"0825",0.7,3.5,-2
"0826",0.7,3.5,-1.75
"0827",0.7,3.5,-1.5
"0828",0.7,3.5,-1.25
"0829",0.7,3.5,-1
"0830",0.7,3.5,-0.75
"0831",0.7,3.5,-0.5
"0832",0.7,3.5,-0.25
"0833",0.7,3.5,0
"0834",0.7,3.75,-4
"0835",0.7,3.75,-3.75
"0836",0.7,3.75,-3.5
"0837",0.7,3.75,-3.25
"0838",0.7,3.75,-3
"0839",0.7,3.75,-2.75
"0840",0.7,3.75,-2.5
"0841",0.7,3.75,-2.25
"0842",0.7,3.75,-2
"0843",0.7,3.75,-1.75
"0844",0.7,3.75,-1.5
"0845",0.7,3.75,-1.25
"0846",0.7,3.75,-1
"0847",0.7,3.75,-0.75
"0848",0.7,3.75,-0.5
"0849",0.7,3.75,-0.25
"0850",0.7,3.75,0
"0851",0.7,4,-4
"0852",0.7,4,-3.75
"0853",0.7,4,-3.5
"0854",0.7,4,-3.25
"0855",0.7,4,-3
"0856",0.7,4,-2.75
"0857",0.7,4,-2.5
"0858",0.7,4,-2.25
"0859",0.7,4,-2
"0860",0.7,4,-1.75
"0861",0.7,4,-1.5
"0862",0.7,4,-1.25
"0863",0.7,4,-1
"0864",0.7,4,-0.75
"0865",0.7,4,-0.5
"0866",0.7,4,-0.25
"0867",0.7,4,0
"0868",0.8,0,-4
"0869",0.8,0,-3.75
"0870",0.8,0,-3.5
"0871",0.8,0,-3.25
"0872",0.8,0,-3
"0873",0.8,0,-2.75
"0874",0.8,0,-2.5
"0875",0.8,0,-2.25
"0876",0.8,0,-2
"0877",0.8,0,-1.75
"0878",0.8,0,-1.5
"0879",0.8,0,-1.25
"0880",0.8,0,-1
"0881",0.8,0,-0.75
"0882",0.8,0,-0.5
"0883",0.8,0,-0.25
"0884",0.8,0,0
"0885",0.8,0.25,-4
"0886",0.8,0.25,-3.75
"0887",0.8,0.25,-3.5
"0888",0.8,0.25,-3.25
"0889",0.8,0.25,-3
"0890",0.8,0.25,-2.75
"0891",0.8,0.25,-2.5
"0892",0.8,0.25,-2.25
"0893",0.8,0.25,-2
"0894",0.8,0.25,-1.75
"0895",0.8,0.25,-1.5
"0896",0.8,0.25,-1.25
"0897",0.8,0.25,-1
"0898",0.8,0.25,-0.75
"0899",0.8,0.25,-0.5
"0900",0.8,0.25,-0.25
"0901",0.8,0.25,0
"0902",0.8,0.5,-4
"0903",0.8,0.5,-3.75
"0904",0.8,0.5,-3.5
"0905",0.8,0.5,-3.25
"0906",0.8,0.5,-3
"0907",0.8,0.5,-2.75
"0908",0.8,0.5,-2.5
"0909",0.8,0.5,-2.25
"0910",0.8,0.5,-2
"0911",0.8,0.5,-1.75
"0912",0.8,0.5,-1.5
"0913",0.8,0.5,-1.25
"0914",0.8,0.5,-1
"0915",0.8,0.5,-0.75
"0916",0.8,0.5,-0.5
"0917",0.8,0.5,-0.25
"0918",0.8,0.5,0
"0919",0.8,0.75,-4
"0920",0.8,0.75,-3.75
"0921",0.8,0.75,-3.5
"0922",0.8,0.75,-3.25
"0923",0.8,0.75,-3
"0924",0.8,0.75,-2.75
"0925",0.8,0.75,-2.5
"0926",0.8,0.75,-2.25
"0927",0.8,0.75,-2
"0928",0.8,0.75,-1.75
"0929",0.8,0.75,-1.5
"0930",0.8,0.75,-1.25
"0931",0.8,0.75,-1
"0932",0.8,0.75,-0.75
"0933",0.8,0.75,-0.5
"0934",0.8,0.75,-0.25
"0935",0.8,0.75,0
"0936",0.8,1,-4
"0937",0.8,1,-3.75
"0938",0.8,1,-3.5
"0939",0.8,1,-3.25
"0940",0.8,1,-3
"0941",0.8,1,-2.75
"0942",0.8,1,-2.5
"0943",0.8,1,-2.25
"0944",0.8,1,-2
"0945",0.8,1,-1.75
"0946",0.8,1,-1.5
"0947",0.8,1,-1.25
"0948",0.8,1,-1
"0949",0.8,1,-0.75
"0950",0.8,1,-0.5
"0951",0.8,1,-0.25
"0952",0.8,1,0
"0953",0.8,1.25,-4
"0954",0.8,1.25,-3.75
"0955",0.8,1.25,-3.5
"0956",0.8,1.25,-3.25
"0957",0.8,1.25,-3
"0958",0.8,1.25,-2.75
"0959",0.8,1.25,-2.5
"0960",0.8,1.25,-2.25
"0961",0.8,1.25,-2
"0962",0.8,1.25,-1.75
"0963",0.8,1.25,-1.5
"0964",0.8,1.25,-1.25
"0965",0.8,1.25,-1
"0966",0.8,1.25,-0.75
"0967",0.8,1.25,-0.5
"0968",0.8,1.25,-0.25
"0969",0.8,1.25,0
"0970",0.8,1.5,-4
"0971",0.8,1.5,-3.75
"0972",0.8,1.5,-3.5
"0973",0.8,1.5,-3.25
"0974",0.8,1.5,-3
"0975",0.8,1.5,-2.75
"0976",0.8,1.5,-2.5
"0977",0.8,1.5,-2.25
"0978",0.8,1.5,-2
"0979",0.8,1.5,-1.75
"0980",0.8,1.5,-1.5
"0981",0.8,1.5,-1.25
"0982",0.8,1.5,-1
"0983",0.8,1.5,-0.75
"0984",0.8,1.5,-0.5
"0985",0.8,1.5,-0.25
"0986",0.8,1.5,0
"0987",0.8,1.75,-4
"0988",0.8,1.75,-3.75
"0989",0.8,1.75,-3.5
"0990",0.8,1.75,-3.25
"0991",0.8,1.75,-3
"0992",0.8,1.75,-2.75
"0993",0.8,1.75,-2.5
"0994",0.8,1.75,-2.25
"0995",0.8,1.75,-2
"0996",0.8,1.75,-1.75
"0997",0.8,1.75,-1.5
"0998",0.8,1.75,-1.25
"0999",0.8,1.75,-1
"1000",0.8,1.75,-0.75
"1001",0.8,1.75,-0.5
"1002",0.8,1.75,-0.25
"1003",0.8,1.75,0
"1004",0.8,2,-4
"1005",0.8,2,-3.75
"1006",0.8,2,-3.5
"1007",0.8,2,-3.25
"1008",0.8,2,-3
"1009",0.8,2,-2.75
"1010",0.8,2,-2.5
"1011",0.8,2,-2.25
"1012",0.8,2,-2
"1013",0.8,2,-1.75
"1014",0.8,2,-1.5
"1015",0.8,2,-1.25
"1016",0.8,2,-1
"1017",0.8,2,-0.75
"1018",0.8,2,-0.5
"1019",0.8,2,-0.25
"1020",0.8,2,0
"1021",0.8,2.25,-4
"1022",0.8,2.25,-3.75
"1023",0.8,2.25,-3.5
"1024",0.8,2.25,-3.25
"1025",0.8,2.25,-3
"1026",0.8,2.25,-2.75
"1027",0.8,2.25,-2.5
"1028",0.8,2.25,-2.25
"1029",0.8,2.25,-2
"1030",0.8,2.25,-1.75
"1031",0.8,2.25,-1.5
"1032",0.8,2.25,-1.25
"1033",0.8,2.25,-1
"1034",0.8,2.25,-0.75
"1035",0.8,2.25,-0.5
"1036",0.8,2.25,-0.25
"1037",0.8,2.25,0
"1038",0.8,2.5,-4
"1039",0.8,2.5,-3.75
"1040",0.8,2.5,-3.5
"1041",0.8,2.5,-3.25
"1042",0.8,2.5,-3
"1043",0.8,2.5,-2.75
"1044",0.8,2.5,-2.5
"1045",0.8,2.5,-2.25
"1046",0.8,2.5,-2
"1047",0.8,2.5,-1.75
"1048",0.8,2.5,-1.5
"1049",0.8,2.5,-1.25
"1050",0.8,2.5,-1
"1051",0.8,2.5,-0.75
"1052",0.8,2.5,-0.5
"1053",0.8,2.5,-0.25
"1054",0.8,2.5,0
"1055",0.8,2.75,-4
"1056",0.8,2.75,-3.75
"1057",0.8,2.75,-3.5
"1058",0.8,2.75,-3.25
"1059",0.8,2.75,-3
"1060",0.8,2.75,-2.75
"1061",0.8,2.75,-2.5
"1062",0.8,2.75,-2.25
"1063",0.8,2.75,-2
"1064",0.8,2.75,-1.75
"1065",0.8,2.75,-1.5
"1066",0.8,2.75,-1.25
"1067",0.8,2.75,-1
"1068",0.8,2.75,-0.75
"1069",0.8,2.75,-0.5
"1070",0.8,2.75,-0.25
"1071",0.8,2.75,0
"1072",0.8,3,-4
"1073",0.8,3,-3.75
"1074",0.8,3,-3.5
"1075",0.8,3,-3.25
"1076",0.8,3,-3
"1077",0.8,3,-2.75
"1078",0.8,3,-2.5
"1079",0.8,3,-2.25
"1080",0.8,3,-2
"1081",0.8,3,-1.75
"1082",0.8,3,-1.5
"1083",0.8,3,-1.25
"1084",0.8,3,-1
"1085",0.8,3,-0.75
"1086",0.8,3,-0.5
"1087",0.8,3,-0.25
"1088",0.8,3,0
"1089",0.8,3.25,-4
"1090",0.8,3.25,-3.75
"1091",0.8,3.25,-3.5
"1092",0.8,3.25,-3.25
"1093",0.8,3.25,-3
"1094",0.8,3.25,-2.75
"1095",0.8,3.25,-2.5
"1096",0.8,3.25,-2.25
"1097",0.8,3.25,-2
"1098",0.8,3.25,-1.75
"1099",0.8,3.25,-1.5
"1100",0.8,3.25,-1.25
"1101",0.8,3.25,-1
"1102",0.8,3.25,-0.75
"1103",0.8,3.25,-0.5
"1104",0.8,3.25,-0.25
"1105",0.8,3.25,0
"1106",0.8,3.5,-4
"1107",0.8,3.5,-3.75
"1108",0.8,3.5,-3.5
"1109",0.8,3.5,-3.25
"1110",0.8,3.5,-3
"1111",0.8,3.5,-2.75
"1112",0.8,3.5,-2.5
"1113",0.8,3.5,-2.25
"1114",0.8,3.5,-2
"1115",0.8,3.5,-1.75
"1116",0.8,3.5,-1.5
"1117",0.8,3.5,-1.25
"1118",0.8,3.5,-1
"1119",0.8,3.5,-0.75
"1120",0.8,3.5,-0.5
"1121",0.8,3.5,-0.25
"1122",0.8,3.5,0
"1123",0.8,3.75,-4
"1124",0.8,3.75,-3.75
"1125",0.8,3.75,-3.5
"1126",0.8,3.75,-3.25
"1127",0.8,3.75,-3
"1128",0.8,3.75,-2.75
"1129",0.8,3.75,-2.5
"1130",0.8,3.75,-2.25
"1131",0.8,3.75,-2
"1132",0.8,3.75,-1.75
"1133",0.8,3.75,-1.5
"1134",0.8,3.75,-1.25
"1135",0.8,3.75,-1
"1136",0.8,3.75,-0.75
"1137",0.8,3.75,-0.5
"1138",0.8,3.75,-0.25
"1139",0.8,3.75,0
"1140",0.8,4,-4
"1141",0.8,4,-3.75
"1142",0.8,4,-3.5
"1143",0.8,4,-3.25
"1144",0.8,4,-3
"1145",0.8,4,-2.75
"1146",0.8,4,-2.5
"1147",0.8,4,-2.25
"1148",0.8,4,-2
"1149",0.8,4,-1.75
"1150",0.8,4,-1.5
"1151",0.8,4,-1.25
"1152",0.8,4,-1
"1153",0.8,4,-0.75
"1154",0.8,4,-0.5
"1155",0.8,4,-0.25
"1156",0.8,4,0
"1157",0.9,0,-4
"1158",0.9,0,-3.75
"1159",0.9,0,-3.5
"1160",0.9,0,-3.25
"1161",0.9,0,-3
"1162",0.9,0,-2.75
"1163",0.9,0,-2.5
"1164",0.9,0,-2.25
"1165",0.9,0,-2
"1166",0.9,0,-1.75
"1167",0.9,0,-1.5
"1168",0.9,0,-1.25
"1169",0.9,0,-1
"1170",0.9,0,-0.75
"1171",0.9,0,-0.5
"1172",0.9,0,-0.25
"1173",0.9,0,0
"1174",0.9,0.25,-4
"1175",0.9,0.25,-3.75
"1176",0.9,0.25,-3.5
"1177",0.9,0.25,-3.25
"1178",0.9,0.25,-3
"1179",0.9,0.25,-2.75
"1180",0.9,0.25,-2.5
"1181",0.9,0.25,-2.25
"1182",0.9,0.25,-2
"1183",0.9,0.25,-1.75
"1184",0.9,0.25,-1.5
"1185",0.9,0.25,-1.25
"1186",0.9,0.25,-1
"1187",0.9,0.25,-0.75
"1188",0.9,0.25,-0.5
"1189",0.9,0.25,-0.25
"1190",0.9,0.25,0
"1191",0.9,0.5,-4
"1192",0.9,0.5,-3.75
"1193",0.9,0.5,-3.5
"1194",0.9,0.5,-3.25
"1195",0.9,0.5,-3
"1196",0.9,0.5,-2.75
"1197",0.9,0.5,-2.5
"1198",0.9,0.5,-2.25
"1199",0.9,0.5,-2
"1200",0.9,0.5,-1.75
"1201",0.9,0.5,-1.5
"1202",0.9,0.5,-1.25
"1203",0.9,0.5,-1
"1204",0.9,0.5,-0.75
"1205",0.9,0.5,-0.5
"1206",0.9,0.5,-0.25
"1207",0.9,0.5,0
"1208",0.9,0.75,-4
"1209",0.9,0.75,-3.75
"1210",0.9,0.75,-3.5
"1211",0.9,0.75,-3.25
"1212",0.9,0.75,-3
"1213",0.9,0.75,-2.75
"1214",0.9,0.75,-2.5
"1215",0.9,0.75,-2.25
"1216",0.9,0.75,-2
"1217",0.9,0.75,-1.75
"1218",0.9,0.75,-1.5
"1219",0.9,0.75,-1.25
"1220",0.9,0.75,-1
"1221",0.9,0.75,-0.75
"1222",0.9,0.75,-0.5
"1223",0.9,0.75,-0.25
"1224",0.9,0.75,0
"1225",0.9,1,-4
"1226",0.9,1,-3.75
"1227",0.9,1,-3.5
"1228",0.9,1,-3.25
"1229",0.9,1,-3
"1230",0.9,1,-2.75
"1231",0.9,1,-2.5
"1232",0.9,1,-2.25
"1233",0.9,1,-2
"1234",0.9,1,-1.75
"1235",0.9,1,-1.5
"1236",0.9,1,-1.25
"1237",0.9,1,-1
"1238",0.9,1,-0.75
"1239",0.9,1,-0.5
"1240",0.9,1,-0.25
"1241",0.9,1,0
"1242",0.9,1.25,-4
"1243",0.9,1.25,-3.75
"1244",0.9,1.25,-3.5
"1245",0.9,1.25,-3.25
"1246",0.9,1.25,-3
"1247",0.9,1.25,-2.75
"1248",0.9,1.25,-2.5
"1249",0.9,1.25,-2.25
"1250",0.9,1.25,-2
"1251",0.9,1.25,-1.75
"1252",0.9,1.25,-1.5
"1253",0.9,1.25,-1.25
"1254",0.9,1.25,-1
"1255",0.9,1.25,-0.75
"1256",0.9,1.25,-0.5
"1257",0.9,1.25,-0.25
"1258",0.9,1.25,0
"1259",0.9,1.5,-4
"1260",0.9,1.5,-3.75
"1261",0.9,1.5,-3.5
"1262",0.9,1.5,-3.25
"1263",0.9,1.5,-3
"1264",0.9,1.5,-2.75
"1265",0.9,1.5,-2.5
"1266",0.9,1.5,-2.25
"1267",0.9,1.5,-2
"1268",0.9,1.5,-1.75
"1269",0.9,1.5,-1.5
"1270",0.9,1.5,-1.25
"1271",0.9,1.5,-1
"1272",0.9,1.5,-0.75
"1273",0.9,1.5,-0.5
"1274",0.9,1.5,-0.25
"1275",0.9,1.5,0
"1276",0.9,1.75,-4
"1277",0.9,1.75,-3.75
"1278",0.9,1.75,-3.5
"1279",0.9,1.75,-3.25
"1280",0.9,1.75,-3
"1281",0.9,1.75,-2.75
"1282",0.9,1.75,-2.5
"1283",0.9,1.75,-2.25
"1284",0.9,1.75,-2
"1285",0.9,1.75,-1.75
"1286",0.9,1.75,-1.5
"1287",0.9,1.75,-1.25
"1288",0.9,1.75,-1
"1289",0.9,1.75,-0.75
"1290",0.9,1.75,-0.5
"1291",0.9,1.75,-0.25
"1292",0.9,1.75,0
"1293",0.9,2,-4
"1294",0.9,2,-3.75
"1295",0.9,2,-3.5
"1296",0.9,2,-3.25
"1297",0.9,2,-3
"1298",0.9,2,-2.75
"1299",0.9,2,-2.5
"1300",0.9,2,-2.25
"1301",0.9,2,-2
"1302",0.9,2,-1.75
"1303",0.9,2,-1.5
"1304",0.9,2,-1.25
"1305",0.9,2,-1
"1306",0.9,2,-0.75
"1307",0.9,2,-0.5
"1308",0.9,2,-0.25
"1309",0.9,2,0
"1310",0.9,2.25,-4
"1311",0.9,2.25,-3.75
"1312",0.9,2.25,-3.5
"1313",0.9,2.25,-3.25
"1314",0.9,2.25,-3
"1315",0.9,2.25,-2.75
"1316",0.9,2.25,-2.5
"1317",0.9,2.25,-2.25
"1318",0.9,2.25,-2
"1319",0.9,2.25,-1.75
"1320",0.9,2.25,-1.5
"1321",0.9,2.25,-1.25
"1322",0.9,2.25,-1
"1323",0.9,2.25,-0.75
"1324",0.9,2.25,-0.5
"1325",0.9,2.25,-0.25
"1326",0.9,2.25,0
"1327",0.9,2.5,-4
"1328",0.9,2.5,-3.75
"1329",0.9,2.5,-3.5
"1330",0.9,2.5,-3.25
"1331",0.9,2.5,-3
"1332",0.9,2.5,-2.75
"1333",0.9,2.5,-2.5
"1334",0.9,2.5,-2.25
"1335",0.9,2.5,-2
"1336",0.9,2.5,-1.75
"1337",0.9,2.5,-1.5
"1338",0.9,2.5,-1.25
"1339",0.9,2.5,-1
"1340",0.9,2.5,-0.75
"1341",0.9,2.5,-0.5
"1342",0.9,2.5,-0.25
"1343",0.9,2.5,0
"1344",0.9,2.75,-4
"1345",0.9,2.75,-3.75
"1346",0.9,2.75,-3.5
"1347",0.9,2.75,-3.25
"1348",0.9,2.75,-3
"1349",0.9,2.75,-2.75
"1350",0.9,2.75,-2.5
"1351",0.9,2.75,-2.25
"1352",0.9,2.75,-2
"1353",0.9,2.75,-1.75
"1354",0.9,2.75,-1.5
"1355",0.9,2.75,-1.25
"1356",0.9,2.75,-1
"1357",0.9,2.75,-0.75
"1358",0.9,2.75,-0.5
"1359",0.9,2.75,-0.25
"1360",0.9,2.75,0
"1361",0.9,3,-4
"1362",0.9,3,-3.75
"1363",0.9,3,-3.5
"1364",0.9,3,-3.25
"1365",0.9,3,-3
"1366",0.9,3,-2.75
"1367",0.9,3,-2.5
"1368",0.9,3,-2.25
"1369",0.9,3,-2
"1370",0.9,3,-1.75
"1371",0.9,3,-1.5
"1372",0.9,3,-1.25
"1373",0.9,3,-1
"1374",0.9,3,-0.75
"1375",0.9,3,-0.5
"1376",0.9,3,-0.25
"1377",0.9,3,0
"1378",0.9,3.25,-4
"1379",0.9,3.25,-3.75
"1380",0.9,3.25,-3.5
"1381",0.9,3.25,-3.25
"1382",0.9,3.25,-3
"1383",0.9,3.25,-2.75
"1384",0.9,3.25,-2.5
"1385",0.9,3.25,-2.25
"1386",0.9,3.25,-2
"1387",0.9,3.25,-1.75
"1388",0.9,3.25,-1.5
"1389",0.9,3.25,-1.25
"1390",0.9,3.25,-1
"1391",0.9,3.25,-0.75
"1392",0.9,3.25,-0.5
"1393",0.9,3.25,-0.25
"1394",0.9,3.25,0
"1395",0.9,3.5,-4
"1396",0.9,3.5,-3.75
"1397",0.9,3.5,-3.5
"1398",0.9,3.5,-3.25
"1399",0.9,3.5,-3
"1400",0.9,3.5,-2.75
"1401",0.9,3.5,-2.5
"1402",0.9,3.5,-2.25
"1403",0.9,3.5,-2
"1404",0.9,3.5,-1.75
"1405",0.9,3.5,-1.5
"1406",0.9,3.5,-1.25
"1407",0.9,3.5,-1
"1408",0.9,3.5,-0.75
"1409",0.9,3.5,-0.5
"1410",0.9,3.5,-0.25
"1411",0.9,3.5,0
"1412",0.9,3.75,-4
"1413",0.9,3.75,-3.75
"1414",0.9,3.75,-3.5
"1415",0.9,3.75,-3.25
"1416",0.9,3.75,-3
"1417",0.9,3.75,-2.75
"1418",0.9,3.75,-2.5
"1419",0.9,3.75,-2.25
"1420",0.9,3.75,-2
"1421",0.9,3.75,-1.75
"1422",0.9,3.75,-1.5
"1423",0.9,3.75,-1.25
"1424",0.9,3.75,-1
"1425",0.9,3.75,-0.75
"1426",0.9,3.75,-0.5
"1427",0.9,3.75,-0.25
"1428",0.9,3.75,0
"1429",0.9,4,-4
"1430",0.9,4,-3.75
"1431",0.9,4,-3.5
"1432",0.9,4,-3.25
"1433",0.9,4,-3
"1434",0.9,4,-2.75
"1435",0.9,4,-2.5
"1436",0.9,4,-2.25
"1437",0.9,4,-2
"1438",0.9,4,-1.75
"1439",0.9,4,-1.5
"1440",0.9,4,-1.25
"1441",0.9,4,-1
"1442",0.9,4,-0.75
"1443",0.9,4,-0.5
"1444",0.9,4,-0.25
"1445",0.9,4,0
"1446",1,0,-4
"1447",1,0,-3.75
"1448",1,0,-3.5
"1449",1,0,-3.25
"1450",1,0,-3
"1451",1,0,-2.75
"1452",1,0,-2.5
"1453",1,0,-2.25
"1454",1,0,-2
"1455",1,0,-1.75
"1456",1,0,-1.5
"1457",1,0,-1.25
"1458",1,0,-1
"1459",1,0,-0.75
"1460",1,0,-0.5
"1461",1,0,-0.25
"1462",1,0,0
"1463",1,0.25,-4
"1464",1,0.25,-3.75
"1465",1,0.25,-3.5
"1466",1,0.25,-3.25
"1467",1,0.25,-3
"1468",1,0.25,-2.75
"1469",1,0.25,-2.5
"1470",1,0.25,-2.25
"1471",1,0.25,-2
"1472",1,0.25,-1.75
"1473",1,0.25,-1.5
"1474",1,0.25,-1.25
"1475",1,0.25,-1
"1476",1,0.25,-0.75
"1477",1,0.25,-0.5
"1478",1,0.25,-0.25
"1479",1,0.25,0
"1480",1,0.5,-4
"1481",1,0.5,-3.75
"1482",1,0.5,-3.5
"1483",1,0.5,-3.25
"1484",1,0.5,-3
"1485",1,0.5,-2.75
"1486",1,0.5,-2.5
"1487",1,0.5,-2.25
"1488",1,0.5,-2
"1489",1,0.5,-1.75
"1490",1,0.5,-1.5
"1491",1,0.5,-1.25
"1492",1,0.5,-1
"1493",1,0.5,-0.75
"1494",1,0.5,-0.5
"1495",1,0.5,-0.25
"1496",1,0.5,0
"1497",1,0.75,-4
"1498",1,0.75,-3.75
"1499",1,0.75,-3.5
"1500",1,0.75,-3.25
"1501",1,0.75,-3
"1502",1,0.75,-2.75
"1503",1,0.75,-2.5
"1504",1,0.75,-2.25
"1505",1,0.75,-2
"1506",1,0.75,-1.75
"1507",1,0.75,-1.5
"1508",1,0.75,-1.25
"1509",1,0.75,-1
"1510",1,0.75,-0.75
"1511",1,0.75,-0.5
"1512",1,0.75,-0.25
"1513",1,0.75,0
"1514",1,1,-4
"1515",1,1,-3.75
"1516",1,1,-3.5
"1517",1,1,-3.25
"1518",1,1,-3
"1519",1,1,-2.75
"1520",1,1,-2.5
"1521",1,1,-2.25
"1522",1,1,-2
"1523",1,1,-1.75
"1524",1,1,-1.5
"1525",1,1,-1.25
"1526",1,1,-1
"1527",1,1,-0.75
"1528",1,1,-0.5
"1529",1,1,-0.25
"1530",1,1,0
"1531",1,1.25,-4
"1532",1,1.25,-3.75
"1533",1,1.25,-3.5
"1534",1,1.25,-3.25
"1535",1,1.25,-3
"1536",1,1.25,-2.75
"1537",1,1.25,-2.5
"1538",1,1.25,-2.25
"1539",1,1.25,-2
"1540",1,1.25,-1.75
"1541",1,1.25,-1.5
"1542",1,1.25,-1.25
"1543",1,1.25,-1
"1544",1,1.25,-0.75
"1545",1,1.25,-0.5
"1546",1,1.25,-0.25
"1547",1,1.25,0
"1548",1,1.5,-4
"1549",1,1.5,-3.75
"1550",1,1.5,-3.5
"1551",1,1.5,-3.25
"1552",1,1.5,-3
"1553",1,1.5,-2.75
"1554",1,1.5,-2.5
"1555",1,1.5,-2.25
"1556",1,1.5,-2
"1557",1,1.5,-1.75
"1558",1,1.5,-1.5
"1559",1,1.5,-1.25
"1560",1,1.5,-1
"1561",1,1.5,-0.75
"1562",1,1.5,-0.5
"1563",1,1.5,-0.25
"1564",1,1.5,0
"1565",1,1.75,-4
"1566",1,1.75,-3.75
"1567",1,1.75,-3.5
"1568",1,1.75,-3.25
"1569",1,1.75,-3
"1570",1,1.75,-2.75
"1571",1,1.75,-2.5
"1572",1,1.75,-2.25
"1573",1,1.75,-2
"1574",1,1.75,-1.75
"1575",1,1.75,-1.5
"1576",1,1.75,-1.25
"1577",1,1.75,-1
"1578",1,1.75,-0.75
"1579",1,1.75,-0.5
"1580",1,1.75,-0.25
"1581",1,1.75,0
"1582",1,2,-4
"1583",1,2,-3.75
"1584",1,2,-3.5
"1585",1,2,-3.25
"1586",1,2,-3
"1587",1,2,-2.75
"1588",1,2,-2.5
"1589",1,2,-2.25
"1590",1,2,-2
"1591",1,2,-1.75
"1592",1,2,-1.5
"1593",1,2,-1.25
"1594",1,2,-1
"1595",1,2,-0.75
"1596",1,2,-0.5
"1597",1,2,-0.25
"1598",1,2,0
"1599",1,2.25,-4
"1600",1,2.25,-3.75
"1601",1,2.25,-3.5
"1602",1,2.25,-3.25
"1603",1,2.25,-3
"1604",1,2.25,-2.75
"1605",1,2.25,-2.5
"1606",1,2.25,-2.25
"1607",1,2.25,-2
"1608",1,2.25,-1.75
"1609",1,2.25,-1.5
"1610",1,2.25,-1.25
"1611",1,2.25,-1
"1612",1,2.25,-0.75
"1613",1,2.25,-0.5
"1614",1,2.25,-0.25
"1615",1,2.25,0
"1616",1,2.5,-4
"1617",1,2.5,-3.75
"1618",1,2.5,-3.5
"1619",1,2.5,-3.25
"1620",1,2.5,-3
"1621",1,2.5,-2.75
"1622",1,2.5,-2.5
"1623",1,2.5,-2.25
"1624",1,2.5,-2
"1625",1,2.5,-1.75
"1626",1,2.5,-1.5
"1627",1,2.5,-1.25
"1628",1,2.5,-1
"1629",1,2.5,-0.75
"1630",1,2.5,-0.5
"1631",1,2.5,-0.25
"1632",1,2.5,0
"1633",1,2.75,-4
"1634",1,2.75,-3.75
"1635",1,2.75,-3.5
"1636",1,2.75,-3.25
"1637",1,2.75,-3
"1638",1,2.75,-2.75
"1639",1,2.75,-2.5
"1640",1,2.75,-2.25
"1641",1,2.75,-2
"1642",1,2.75,-1.75
"1643",1,2.75,-1.5
"1644",1,2.75,-1.25
"1645",1,2.75,-1
"1646",1,2.75,-0.75
"1647",1,2.75,-0.5
"1648",1,2.75,-0.25
"1649",1,2.75,0
"1650",1,3,-4
"1651",1,3,-3.75
"1652",1,3,-3.5
"1653",1,3,-3.25
"1654",1,3,-3
"1655",1,3,-2.75
"1656",1,3,-2.5
"1657",1,3,-2.25
"1658",1,3,-2
"1659",1,3,-1.75
"1660",1,3,-1.5
"1661",1,3,-1.25
"1662",1,3,-1
"1663",1,3,-0.75
"1664",1,3,-0.5
"1665",1,3,-0.25
"1666",1,3,0
"1667",1,3.25,-4
"1668",1,3.25,-3.75
"1669",1,3.25,-3.5
"1670",1,3.25,-3.25
"1671",1,3.25,-3
"1672",1,3.25,-2.75
"1673",1,3.25,-2.5
"1674",1,3.25,-2.25
"1675",1,3.25,-2
"1676",1,3.25,-1.75
"1677",1,3.25,-1.5
"1678",1,3.25,-1.25
"1679",1,3.25,-1
"1680",1,3.25,-0.75
"1681",1,3.25,-0.5
"1682",1,3.25,-0.25
"1683",1,3.25,0
"1684",1,3.5,-4
"1685",1,3.5,-3.75
"1686",1,3.5,-3.5
"1687",1,3.5,-3.25
"1688",1,3.5,-3
"1689",1,3.5,-2.75
"1690",1,3.5,-2.5
"1691",1,3.5,-2.25
"1692",1,3.5,-2
"1693",1,3.5,-1.75
"1694",1,3.5,-1.5
"1695",1,3.5,-1.25
"1696",1,3.5,-1
"1697",1,3.5,-0.75
"1698",1,3.5,-0.5
"1699",1,3.5,-0.25
"1700",1,3.5,0
"1701",1,3.75,-4
"1702",1,3.75,-3.75
"1703",1,3.75,-3.5
"1704",1,3.75,-3.25
"1705",1,3.75,-3
"1706",1,3.75,-2.75
"1707",1,3.75,-2.5
"1708",1,3.75,-2.25
"1709",1,3.75,-2
"1710",1,3.75,-1.75
"1711",1,3.75,-1.5
"1712",1,3.75,-1.25
"1713",1,3.75,-1
"1714",1,3.75,-0.75
"1715",1,3.75,-0.5
"1716",1,3.75,-0.25
"1717",1,3.75,0
"1718",1,4,-4
"1719",1,4,-3.75
"1720",1,4,-3.5
"1721",1,4,-3.25
"1722",1,4,-3
"1723",1,4,-2.75
"1724",1,4,-2.5
"1725",1,4,-2.25
"1726",1,4,-2
"1727",1,4,-1.75
"1728",1,4,-1.5
"1729",1,4,-1.25
"1730",1,4,-1
"1731",1,4,-0.75
"1732",1,4,-0.5
"1733",1,4,-0.25
"1734",1,4,0
"1735",1.1,0,-4
"1736",1.1,0,-3.75
"1737",1.1,0,-3.5
"1738",1.1,0,-3.25
"1739",1.1,0,-3
"1740",1.1,0,-2.75
"1741",1.1,0,-2.5
"1742",1.1,0,-2.25
"1743",1.1,0,-2
"1744",1.1,0,-1.75
"1745",1.1,0,-1.5
"1746",1.1,0,-1.25
"1747",1.1,0,-1
"1748",1.1,0,-0.75
"1749",1.1,0,-0.5
"1750",1.1,0,-0.25
"1751",1.1,0,0
"1752",1.1,0.25,-4
"1753",1.1,0.25,-3.75
"1754",1.1,0.25,-3.5
"1755",1.1,0.25,-3.25
"1756",1.1,0.25,-3
"1757",1.1,0.25,-2.75
"1758",1.1,0.25,-2.5
"1759",1.1,0.25,-2.25
"1760",1.1,0.25,-2
"1761",1.1,0.25,-1.75
"1762",1.1,0.25,-1.5
"1763",1.1,0.25,-1.25
"1764",1.1,0.25,-1
"1765",1.1,0.25,-0.75
"1766",1.1,0.25,-0.5
"1767",1.1,0.25,-0.25
"1768",1.1,0.25,0
"1769",1.1,0.5,-4
"1770",1.1,0.5,-3.75
"1771",1.1,0.5,-3.5
"1772",1.1,0.5,-3.25
"1773",1.1,0.5,-3
"1774",1.1,0.5,-2.75
"1775",1.1,0.5,-2.5
"1776",1.1,0.5,-2.25
"1777",1.1,0.5,-2
"1778",1.1,0.5,-1.75
"1779",1.1,0.5,-1.5
"1780",1.1,0.5,-1.25
"1781",1.1,0.5,-1
"1782",1.1,0.5,-0.75
"1783",1.1,0.5,-0.5
"1784",1.1,0.5,-0.25
"1785",1.1,0.5,0
"1786",1.1,0.75,-4
"1787",1.1,0.75,-3.75
"1788",1.1,0.75,-3.5
"1789",1.1,0.75,-3.25
"1790",1.1,0.75,-3
"1791",1.1,0.75,-2.75
"1792",1.1,0.75,-2.5
"1793",1.1,0.75,-2.25
"1794",1.1,0.75,-2
"1795",1.1,0.75,-1.75
"1796",1.1,0.75,-1.5
"1797",1.1,0.75,-1.25
"1798",1.1,0.75,-1
"1799",1.1,0.75,-0.75
"1800",1.1,0.75,-0.5
"1801",1.1,0.75,-0.25
"1802",1.1,0.75,0
"1803",1.1,1,-4
"1804",1.1,1,-3.75
"1805",1.1,1,-3.5
"1806",1.1,1,-3.25
"1807",1.1,1,-3
"1808",1.1,1,-2.75
"1809",1.1,1,-2.5
"1810",1.1,1,-2.25
"1811",1.1,1,-2
"1812",1.1,1,-1.75
"1813",1.1,1,-1.5
"1814",1.1,1,-1.25
"1815",1.1,1,-1
"1816",1.1,1,-0.75
"1817",1.1,1,-0.5
"1818",1.1,1,-0.25
"1819",1.1,1,0
"1820",1.1,1.25,-4
"1821",1.1,1.25,-3.75
"1822",1.1,1.25,-3.5
"1823",1.1,1.25,-3.25
"1824",1.1,1.25,-3
"1825",1.1,1.25,-2.75
"1826",1.1,1.25,-2.5
"1827",1.1,1.25,-2.25
"1828",1.1,1.25,-2
"1829",1.1,1.25,-1.75
"1830",1.1,1.25,-1.5
"1831",1.1,1.25,-1.25
"1832",1.1,1.25,-1
"1833",1.1,1.25,-0.75
"1834",1.1,1.25,-0.5
"1835",1.1,1.25,-0.25
"1836",1.1,1.25,0
"1837",1.1,1.5,-4
"1838",1.1,1.5,-3.75
"1839",1.1,1.5,-3.5
"1840",1.1,1.5,-3.25
"1841",1.1,1.5,-3
"1842",1.1,1.5,-2.75
"1843",1.1,1.5,-2.5
"1844",1.1,1.5,-2.25
"1845",1.1,1.5,-2
"1846",1.1,1.5,-1.75
"1847",1.1,1.5,-1.5
"1848",1.1,1.5,-1.25
"1849",1.1,1.5,-1
"1850",1.1,1.5,-0.75
"1851",1.1,1.5,-0.5
"1852",1.1,1.5,-0.25
"1853",1.1,1.5,0
"1854",1.1,1.75,-4
"1855",1.1,1.75,-3.75
"1856",1.1,1.75,-3.5
"1857",1.1,1.75,-3.25
"1858",1.1,1.75,-3
"1859",1.1,1.75,-2.75
"1860",1.1,1.75,-2.5
"1861",1.1,1.75,-2.25
"1862",1.1,1.75,-2
"1863",1.1,1.75,-1.75
"1864",1.1,1.75,-1.5
"1865",1.1,1.75,-1.25
"1866",1.1,1.75,-1
"1867",1.1,1.75,-0.75
"1868",1.1,1.75,-0.5
"1869",1.1,1.75,-0.25
"1870",1.1,1.75,0
"1871",1.1,2,-4
"1872",1.1,2,-3.75
"1873",1.1,2,-3.5
"1874",1.1,2,-3.25
"1875",1.1,2,-3
"1876",1.1,2,-2.75
"1877",1.1,2,-2.5
"1878",1.1,2,-2.25
"1879",1.1,2,-2
"1880",1.1,2,-1.75
"1881",1.1,2,-1.5
"1882",1.1,2,-1.25
"1883",1.1,2,-1
"1884",1.1,2,-0.75
"1885",1.1,2,-0.5
"1886",1.1,2,-0.25
"1887",1.1,2,0
"1888",1.1,2.25,-4
"1889",1.1,2.25,-3.75
"1890",1.1,2.25,-3.5
"1891",1.1,2.25,-3.25
"1892",1.1,2.25,-3
"1893",1.1,2.25,-2.75
"1894",1.1,2.25,-2.5
"1895",1.1,2.25,-2.25
"1896",1.1,2.25,-2
"1897",1.1,2.25,-1.75
"1898",1.1,2.25,-1.5
"1899",1.1,2.25,-1.25
"1900",1.1,2.25,-1
"1901",1.1,2.25,-0.75
"1902",1.1,2.25,-0.5
"1903",1.1,2.25,-0.25
"1904",1.1,2.25,0
"1905",1.1,2.5,-4
"1906",1.1,2.5,-3.75
"1907",1.1,2.5,-3.5
"1908",1.1,2.5,-3.25
"1909",1.1,2.5,-3
"1910",1.1,2.5,-2.75
"1911",1.1,2.5,-2.5
"1912",1.1,2.5,-2.25
"1913",1.1,2.5,-2
"1914",1.1,2.5,-1.75
"1915",1.1,2.5,-1.5
"1916",1.1,2.5,-1.25
"1917",1.1,2.5,-1
"1918",1.1,2.5,-0.75
"1919",1.1,2.5,-0.5
"1920",1.1,2.5,-0.25
"1921",1.1,2.5,0
"1922",1.1,2.75,-4
"1923",1.1,2.75,-3.75
"1924",1.1,2.75,-3.5
"1925",1.1,2.75,-3.25
"1926",1.1,2.75,-3
"1927",1.1,2.75,-2.75
"1928",1.1,2.75,-2.5
"1929",1.1,2.75,-2.25
"1930",1.1,2.75,-2
"1931",1.1,2.75,-1.75
"1932",1.1,2.75,-1.5
"1933",1.1,2.75,-1.25
"1934",1.1,2.75,-1
"1935",1.1,2.75,-0.75
"1936",1.1,2.75,-0.5
"1937",1.1,2.75,-0.25
"1938",1.1,2.75,0
"1939",1.1,3,-4
"1940",1.1,3,-3.75
"1941",1.1,3,-3.5
"1942",1.1,3,-3.25
"1943",1.1,3,-3
"1944",1.1,3,-2.75
"1945",1.1,3,-2.5
"1946",1.1,3,-2.25
"1947",1.1,3,-2
"1948",1.1,3,-1.75
"1949",1.1,3,-1.5
"1950",1.1,3,-1.25
"1951",1.1,3,-1
"1952",1.1,3,-0.75
"1953",1.1,3,-0.5
"1954",1.1,3,-0.25
"1955",1.1,3,0
"1956",1.1,3.25,-4
"1957",1.1,3.25,-3.75
"1958",1.1,3.25,-3.5
"1959",1.1,3.25,-3.25
"1960",1.1,3.25,-3
"1961",1.1,3.25,-2.75
"1962",1.1,3.25,-2.5
"1963",1.1,3.25,-2.25
"1964",1.1,3.25,-2
"1965",1.1,3.25,-1.75
"1966",1.1,3.25,-1.5
"1967",1.1,3.25,-1.25
"1968",1.1,3.25,-1
"1969",1.1,3.25,-0.75
"1970",1.1,3.25,-0.5
"1971",1.1,3.25,-0.25
"1972",1.1,3.25,0
"1973",1.1,3.5,-4
"1974",1.1,3.5,-3.75
"1975",1.1,3.5,-3.5
"1976",1.1,3.5,-3.25
"1977",1.1,3.5,-3
"1978",1.1,3.5,-2.75
"1979",1.1,3.5,-2.5
"1980",1.1,3.5,-2.25
"1981",1.1,3.5,-2
"1982",1.1,3.5,-1.75
"1983",1.1,3.5,-1.5
"1984",1.1,3.5,-1.25
"1985",1.1,3.5,-1
"1986",1.1,3.5,-0.75
"1987",1.1,3.5,-0.5
"1988",1.1,3.5,-0.25
"1989",1.1,3.5,0
"1990",1.1,3.75,-4
"1991",1.1,3.75,-3.75
"1992",1.1,3.75,-3.5
"1993",1.1,3.75,-3.25
"1994",1.1,3.75,-3
"1995",1.1,3.75,-2.75
"1996",1.1,3.75,-2.5
"1997",1.1,3.75,-2.25
"1998",1.1,3.75,-2
"1999",1.1,3.75,-1.75
"2000",1.1,3.75,-1.5
"2001",1.1,3.75,-1.25
"2002",1.1,3.75,-1
"2003",1.1,3.75,-0.75
"2004",1.1,3.75,-0.5
"2005",1.1,3.75,-0.25
"2006",1.1,3.75,0
"2007",1.1,4,-4
"2008",1.1,4,-3.75
"2009",1.1,4,-3.5
"2010",1.1,4,-3.25
"2011",1.1,4,-3
"2012",1.1,4,-2.75
"2013",1.1,4,-2.5
"2014",1.1,4,-2.25
"2015",1.1,4,-2
"2016",1.1,4,-1.75
"2017",1.1,4,-1.5
"2018",1.1,4,-1.25
"2019",1.1,4,-1
"2020",1.1,4,-0.75
"2021",1.1,4,-0.5
"2022",1.1,4,-0.25
"2023",1.1,4,0
"2024",1.2,0,-4
"2025",1.2,0,-3.75
"2026",1.2,0,-3.5
"2027",1.2,0,-3.25
"2028",1.2,0,-3
"2029",1.2,0,-2.75
"2030",1.2,0,-2.5
"2031",1.2,0,-2.25
"2032",1.2,0,-2
"2033",1.2,0,-1.75
"2034",1.2,0,-1.5
"2035",1.2,0,-1.25
"2036",1.2,0,-1
"2037",1.2,0,-0.75
"2038",1.2,0,-0.5
"2039",1.2,0,-0.25
"2040",1.2,0,0
"2041",1.2,0.25,-4
"2042",1.2,0.25,-3.75
"2043",1.2,0.25,-3.5
"2044",1.2,0.25,-3.25
"2045",1.2,0.25,-3
"2046",1.2,0.25,-2.75
"2047",1.2,0.25,-2.5
"2048",1.2,0.25,-2.25
"2049",1.2,0.25,-2
"2050",1.2,0.25,-1.75
"2051",1.2,0.25,-1.5
"2052",1.2,0.25,-1.25
"2053",1.2,0.25,-1
"2054",1.2,0.25,-0.75
"2055",1.2,0.25,-0.5
"2056",1.2,0.25,-0.25
"2057",1.2,0.25,0
"2058",1.2,0.5,-4
"2059",1.2,0.5,-3.75
"2060",1.2,0.5,-3.5
"2061",1.2,0.5,-3.25
"2062",1.2,0.5,-3
"2063",1.2,0.5,-2.75
"2064",1.2,0.5,-2.5
"2065",1.2,0.5,-2.25
"2066",1.2,0.5,-2
"2067",1.2,0.5,-1.75
"2068",1.2,0.5,-1.5
"2069",1.2,0.5,-1.25
"2070",1.2,0.5,-1
"2071",1.2,0.5,-0.75
"2072",1.2,0.5,-0.5
"2073",1.2,0.5,-0.25
"2074",1.2,0.5,0
"2075",1.2,0.75,-4
"2076",1.2,0.75,-3.75
"2077",1.2,0.75,-3.5
"2078",1.2,0.75,-3.25
"2079",1.2,0.75,-3
"2080",1.2,0.75,-2.75
"2081",1.2,0.75,-2.5
"2082",1.2,0.75,-2.25
"2083",1.2,0.75,-2
"2084",1.2,0.75,-1.75
"2085",1.2,0.75,-1.5
"2086",1.2,0.75,-1.25
"2087",1.2,0.75,-1
"2088",1.2,0.75,-0.75
"2089",1.2,0.75,-0.5
"2090",1.2,0.75,-0.25
"2091",1.2,0.75,0
"2092",1.2,1,-4
"2093",1.2,1,-3.75
"2094",1.2,1,-3.5
"2095",1.2,1,-3.25
"2096",1.2,1,-3
"2097",1.2,1,-2.75
"2098",1.2,1,-2.5
"2099",1.2,1,-2.25
"2100",1.2,1,-2
"2101",1.2,1,-1.75
"2102",1.2,1,-1.5
"2103",1.2,1,-1.25
"2104",1.2,1,-1
"2105",1.2,1,-0.75
"2106",1.2,1,-0.5
"2107",1.2,1,-0.25
"2108",1.2,1,0
"2109",1.2,1.25,-4
"2110",1.2,1.25,-3.75
"2111",1.2,1.25,-3.5
"2112",1.2,1.25,-3.25
"2113",1.2,1.25,-3
"2114",1.2,1.25,-2.75
"2115",1.2,1.25,-2.5
"2116",1.2,1.25,-2.25
"2117",1.2,1.25,-2
"2118",1.2,1.25,-1.75
"2119",1.2,1.25,-1.5
"2120",1.2,1.25,-1.25
"2121",1.2,1.25,-1
"2122",1.2,1.25,-0.75
"2123",1.2,1.25,-0.5
"2124",1.2,1.25,-0.25
"2125",1.2,1.25,0
"2126",1.2,1.5,-4
"2127",1.2,1.5,-3.75
"2128",1.2,1.5,-3.5
"2129",1.2,1.5,-3.25
"2130",1.2,1.5,-3
"2131",1.2,1.5,-2.75
"2132",1.2,1.5,-2.5
"2133",1.2,1.5,-2.25
"2134",1.2,1.5,-2
"2135",1.2,1.5,-1.75
"2136",1.2,1.5,-1.5
"2137",1.2,1.5,-1.25
"2138",1.2,1.5,-1
"2139",1.2,1.5,-0.75
"2140",1.2,1.5,-0.5
"2141",1.2,1.5,-0.25
"2142",1.2,1.5,0
"2143",1.2,1.75,-4
"2144",1.2,1.75,-3.75
"2145",1.2,1.75,-3.5
"2146",1.2,1.75,-3.25
"2147",1.2,1.75,-3
"2148",1.2,1.75,-2.75
"2149",1.2,1.75,-2.5
"2150",1.2,1.75,-2.25
"2151",1.2,1.75,-2
"2152",1.2,1.75,-1.75
"2153",1.2,1.75,-1.5
"2154",1.2,1.75,-1.25
"2155",1.2,1.75,-1
"2156",1.2,1.75,-0.75
"2157",1.2,1.75,-0.5
"2158",1.2,1.75,-0.25
"2159",1.2,1.75,0
"2160",1.2,2,-4
"2161",1.2,2,-3.75
"2162",1.2,2,-3.5
"2163",1.2,2,-3.25
"2164",1.2,2,-3
"2165",1.2,2,-2.75
"2166",1.2,2,-2.5
"2167",1.2,2,-2.25
"2168",1.2,2,-2
"2169",1.2,2,-1.75
"2170",1.2,2,-1.5
"2171",1.2,2,-1.25
"2172",1.2,2,-1
"2173",1.2,2,-0.75
"2174",1.2,2,-0.5
"2175",1.2,2,-0.25
"2176",1.2,2,0
"2177",1.2,2.25,-4
"2178",1.2,2.25,-3.75
"2179",1.2,2.25,-3.5
"2180",1.2,2.25,-3.25
"2181",1.2,2.25,-3
"2182",1.2,2.25,-2.75
"2183",1.2,2.25,-2.5
"2184",1.2,2.25,-2.25
"2185",1.2,2.25,-2
"2186",1.2,2.25,-1.75
"2187",1.2,2.25,-1.5
"2188",1.2,2.25,-1.25
"2189",1.2,2.25,-1
"2190",1.2,2.25,-0.75
"2191",1.2,2.25,-0.5
"2192",1.2,2.25,-0.25
"2193",1.2,2.25,0
"2194",1.2,2.5,-4
"2195",1.2,2.5,-3.75
"2196",1.2,2.5,-3.5
"2197",1.2,2.5,-3.25
"2198",1.2,2.5,-3
"2199",1.2,2.5,-2.75
"2200",1.2,2.5,-2.5
"2201",1.2,2.5,-2.25
"2202",1.2,2.5,-2
"2203",1.2,2.5,-1.75
"2204",1.2,2.5,-1.5
"2205",1.2,2.5,-1.25
"2206",1.2,2.5,-1
"2207",1.2,2.5,-0.75
"2208",1.2,2.5,-0.5
"2209",1.2,2.5,-0.25
"2210",1.2,2.5,0
"2211",1.2,2.75,-4
"2212",1.2,2.75,-3.75
"2213",1.2,2.75,-3.5
"2214",1.2,2.75,-3.25
"2215",1.2,2.75,-3
"2216",1.2,2.75,-2.75
"2217",1.2,2.75,-2.5
"2218",1.2,2.75,-2.25
"2219",1.2,2.75,-2
"2220",1.2,2.75,-1.75
"2221",1.2,2.75,-1.5
"2222",1.2,2.75,-1.25
"2223",1.2,2.75,-1
"2224",1.2,2.75,-0.75
"2225",1.2,2.75,-0.5
"2226",1.2,2.75,-0.25
"2227",1.2,2.75,0
"2228",1.2,3,-4
"2229",1.2,3,-3.75
"2230",1.2,3,-3.5
"2231",1.2,3,-3.25
"2232",1.2,3,-3
"2233",1.2,3,-2.75
"2234",1.2,3,-2.5
"2235",1.2,3,-2.25
"2236",1.2,3,-2
"2237",1.2,3,-1.75
"2238",1.2,3,-1.5
"2239",1.2,3,-1.25
"2240",1.2,3,-1
"2241",1.2,3,-0.75
"2242",1.2,3,-0.5
"2243",1.2,3,-0.25
"2244",1.2,3,0
"2245",1.2,3.25,-4
"2246",1.2,3.25,-3.75
"2247",1.2,3.25,-3.5
"2248",1.2,3.25,-3.25
"2249",1.2,3.25,-3
"2250",1.2,3.25,-2.75
"2251",1.2,3.25,-2.5
"2252",1.2,3.25,-2.25
"2253",1.2,3.25,-2
"2254",1.2,3.25,-1.75
"2255",1.2,3.25,-1.5
"2256",1.2,3.25,-1.25
"2257",1.2,3.25,-1
"2258",1.2,3.25,-0.75
"2259",1.2,3.25,-0.5
"2260",1.2,3.25,-0.25
"2261",1.2,3.25,0
"2262",1.2,3.5,-4
"2263",1.2,3.5,-3.75
"2264",1.2,3.5,-3.5
"2265",1.2,3.5,-3.25
"2266",1.2,3.5,-3
"2267",1.2,3.5,-2.75
"2268",1.2,3.5,-2.5
"2269",1.2,3.5,-2.25
"2270",1.2,3.5,-2
"2271",1.2,3.5,-1.75
"2272",1.2,3.5,-1.5
"2273",1.2,3.5,-1.25
"2274",1.2,3.5,-1
"2275",1.2,3.5,-0.75
"2276",1.2,3.5,-0.5
"2277",1.2,3.5,-0.25
"2278",1.2,3.5,0
"2279",1.2,3.75,-4
"2280",1.2,3.75,-3.75
"2281",1.2,3.75,-3.5
"2282",1.2,3.75,-3.25
"2283",1.2,3.75,-3
"2284",1.2,3.75,-2.75
"2285",1.2,3.75,-2.5
"2286",1.2,3.75,-2.25
"2287",1.2,3.75,-2
"2288",1.2,3.75,-1.75
"2289",1.2,3.75,-1.5
"2290",1.2,3.75,-1.25
"2291",1.2,3.75,-1
"2292",1.2,3.75,-0.75
"2293",1.2,3.75,-0.5
"2294",1.2,3.75,-0.25
"2295",1.2,3.75,0
"2296",1.2,4,-4
"2297",1.2,4,-3.75
"2298",1.2,4,-3.5
"2299",1.2,4,-3.25
"2300",1.2,4,-3
"2301",1.2,4,-2.75
"2302",1.2,4,-2.5
"2303",1.2,4,-2.25
"2304",1.2,4,-2
"2305",1.2,4,-1.75
"2306",1.2,4,-1.5
"2307",1.2,4,-1.25
"2308",1.2,4,-1
"2309",1.2,4,-0.75
"2310",1.2,4,-0.5
"2311",1.2,4,-0.25
"2312",1.2,4,0
"2313",1.3,0,-4
"2314",1.3,0,-3.75
"2315",1.3,0,-3.5
"2316",1.3,0,-3.25
"2317",1.3,0,-3
"2318",1.3,0,-2.75
"2319",1.3,0,-2.5
"2320",1.3,0,-2.25
"2321",1.3,0,-2
"2322",1.3,0,-1.75
"2323",1.3,0,-1.5
"2324",1.3,0,-1.25
"2325",1.3,0,-1
"2326",1.3,0,-0.75
"2327",1.3,0,-0.5
"2328",1.3,0,-0.25
"2329",1.3,0,0
"2330",1.3,0.25,-4
"2331",1.3,0.25,-3.75
"2332",1.3,0.25,-3.5
"2333",1.3,0.25,-3.25
"2334",1.3,0.25,-3
"2335",1.3,0.25,-2.75
"2336",1.3,0.25,-2.5
"2337",1.3,0.25,-2.25
"2338",1.3,0.25,-2
"2339",1.3,0.25,-1.75
"2340",1.3,0.25,-1.5
"2341",1.3,0.25,-1.25
"2342",1.3,0.25,-1
"2343",1.3,0.25,-0.75
"2344",1.3,0.25,-0.5
"2345",1.3,0.25,-0.25
"2346",1.3,0.25,0
"2347",1.3,0.5,-4
"2348",1.3,0.5,-3.75
"2349",1.3,0.5,-3.5
"2350",1.3,0.5,-3.25
"2351",1.3,0.5,-3
"2352",1.3,0.5,-2.75
"2353",1.3,0.5,-2.5
"2354",1.3,0.5,-2.25
"2355",1.3,0.5,-2
"2356",1.3,0.5,-1.75
"2357",1.3,0.5,-1.5
"2358",1.3,0.5,-1.25
"2359",1.3,0.5,-1
"2360",1.3,0.5,-0.75
"2361",1.3,0.5,-0.5
"2362",1.3,0.5,-0.25
"2363",1.3,0.5,0
"2364",1.3,0.75,-4
"2365",1.3,0.75,-3.75
"2366",1.3,0.75,-3.5
"2367",1.3,0.75,-3.25
"2368",1.3,0.75,-3
"2369",1.3,0.75,-2.75
"2370",1.3,0.75,-2.5
"2371",1.3,0.75,-2.25
"2372",1.3,0.75,-2
"2373",1.3,0.75,-1.75
"2374",1.3,0.75,-1.5
"2375",1.3,0.75,-1.25
"2376",1.3,0.75,-1
"2377",1.3,0.75,-0.75
"2378",1.3,0.75,-0.5
"2379",1.3,0.75,-0.25
"2380",1.3,0.75,0
"2381",1.3,1,-4
"2382",1.3,1,-3.75
"2383",1.3,1,-3.5
"2384",1.3,1,-3.25
"2385",1.3,1,-3
"2386",1.3,1,-2.75
"2387",1.3,1,-2.5
"2388",1.3,1,-2.25
"2389",1.3,1,-2
"2390",1.3,1,-1.75
"2391",1.3,1,-1.5
"2392",1.3,1,-1.25
"2393",1.3,1,-1
"2394",1.3,1,-0.75
"2395",1.3,1,-0.5
"2396",1.3,1,-0.25
"2397",1.3,1,0
"2398",1.3,1.25,-4
"2399",1.3,1.25,-3.75
"2400",1.3,1.25,-3.5
"2401",1.3,1.25,-3.25
"2402",1.3,1.25,-3
"2403",1.3,1.25,-2.75
"2404",1.3,1.25,-2.5
"2405",1.3,1.25,-2.25
"2406",1.3,1.25,-2
"2407",1.3,1.25,-1.75
"2408",1.3,1.25,-1.5
"2409",1.3,1.25,-1.25
"2410",1.3,1.25,-1
"2411",1.3,1.25,-0.75
"2412",1.3,1.25,-0.5
"2413",1.3,1.25,-0.25
"2414",1.3,1.25,0
"2415",1.3,1.5,-4
"2416",1.3,1.5,-3.75
"2417",1.3,1.5,-3.5
"2418",1.3,1.5,-3.25
"2419",1.3,1.5,-3
"2420",1.3,1.5,-2.75
"2421",1.3,1.5,-2.5
"2422",1.3,1.5,-2.25
"2423",1.3,1.5,-2
"2424",1.3,1.5,-1.75
"2425",1.3,1.5,-1.5
"2426",1.3,1.5,-1.25
"2427",1.3,1.5,-1
"2428",1.3,1.5,-0.75
"2429",1.3,1.5,-0.5
"2430",1.3,1.5,-0.25
"2431",1.3,1.5,0
"2432",1.3,1.75,-4
"2433",1.3,1.75,-3.75
"2434",1.3,1.75,-3.5
"2435",1.3,1.75,-3.25
"2436",1.3,1.75,-3
"2437",1.3,1.75,-2.75
"2438",1.3,1.75,-2.5
"2439",1.3,1.75,-2.25
"2440",1.3,1.75,-2
"2441",1.3,1.75,-1.75
"2442",1.3,1.75,-1.5
"2443",1.3,1.75,-1.25
"2444",1.3,1.75,-1
"2445",1.3,1.75,-0.75
"2446",1.3,1.75,-0.5
"2447",1.3,1.75,-0.25
"2448",1.3,1.75,0
"2449",1.3,2,-4
"2450",1.3,2,-3.75
"2451",1.3,2,-3.5
"2452",1.3,2,-3.25
"2453",1.3,2,-3
"2454",1.3,2,-2.75
"2455",1.3,2,-2.5
"2456",1.3,2,-2.25
"2457",1.3,2,-2
"2458",1.3,2,-1.75
"2459",1.3,2,-1.5
"2460",1.3,2,-1.25
"2461",1.3,2,-1
"2462",1.3,2,-0.75
"2463",1.3,2,-0.5
"2464",1.3,2,-0.25
"2465",1.3,2,0
"2466",1.3,2.25,-4
"2467",1.3,2.25,-3.75
"2468",1.3,2.25,-3.5
"2469",1.3,2.25,-3.25
"2470",1.3,2.25,-3
"2471",1.3,2.25,-2.75
"2472",1.3,2.25,-2.5
"2473",1.3,2.25,-2.25
"2474",1.3,2.25,-2
"2475",1.3,2.25,-1.75
"2476",1.3,2.25,-1.5
"2477",1.3,2.25,-1.25
"2478",1.3,2.25,-1
"2479",1.3,2.25,-0.75
"2480",1.3,2.25,-0.5
"2481",1.3,2.25,-0.25
"2482",1.3,2.25,0
"2483",1.3,2.5,-4
"2484",1.3,2.5,-3.75
"2485",1.3,2.5,-3.5
"2486",1.3,2.5,-3.25
"2487",1.3,2.5,-3
"2488",1.3,2.5,-2.75
"2489",1.3,2.5,-2.5
"2490",1.3,2.5,-2.25
"2491",1.3,2.5,-2
"2492",1.3,2.5,-1.75
"2493",1.3,2.5,-1.5
"2494",1.3,2.5,-1.25
"2495",1.3,2.5,-1
"2496",1.3,2.5,-0.75
"2497",1.3,2.5,-0.5
"2498",1.3,2.5,-0.25
"2499",1.3,2.5,0
"2500",1.3,2.75,-4
"2501",1.3,2.75,-3.75
"2502",1.3,2.75,-3.5
"2503",1.3,2.75,-3.25
"2504",1.3,2.75,-3
"2505",1.3,2.75,-2.75
"2506",1.3,2.75,-2.5
"2507",1.3,2.75,-2.25
"2508",1.3,2.75,-2
"2509",1.3,2.75,-1.75
"2510",1.3,2.75,-1.5
"2511",1.3,2.75,-1.25
"2512",1.3,2.75,-1
"2513",1.3,2.75,-0.75
"2514",1.3,2.75,-0.5
"2515",1.3,2.75,-0.25
"2516",1.3,2.75,0
"2517",1.3,3,-4
"2518",1.3,3,-3.75
"2519",1.3,3,-3.5
"2520",1.3,3,-3.25
"2521",1.3,3,-3
"2522",1.3,3,-2.75
"2523",1.3,3,-2.5
"2524",1.3,3,-2.25
"2525",1.3,3,-2
"2526",1.3,3,-1.75
"2527",1.3,3,-1.5
"2528",1.3,3,-1.25
"2529",1.3,3,-1
"2530",1.3,3,-0.75
"2531",1.3,3,-0.5
"2532",1.3,3,-0.25
"2533",1.3,3,0
"2534",1.3,3.25,-4
"2535",1.3,3.25,-3.75
"2536",1.3,3.25,-3.5
"2537",1.3,3.25,-3.25
"2538",1.3,3.25,-3
"2539",1.3,3.25,-2.75
"2540",1.3,3.25,-2.5
"2541",1.3,3.25,-2.25
"2542",1.3,3.25,-2
"2543",1.3,3.25,-1.75
"2544",1.3,3.25,-1.5
"2545",1.3,3.25,-1.25
"2546",1.3,3.25,-1
"2547",1.3,3.25,-0.75
"2548",1.3,3.25,-0.5
"2549",1.3,3.25,-0.25
"2550",1.3,3.25,0
"2551",1.3,3.5,-4
"2552",1.3,3.5,-3.75
"2553",1.3,3.5,-3.5
"2554",1.3,3.5,-3.25
"2555",1.3,3.5,-3
"2556",1.3,3.5,-2.75
"2557",1.3,3.5,-2.5
"2558",1.3,3.5,-2.25
"2559",1.3,3.5,-2
"2560",1.3,3.5,-1.75
"2561",1.3,3.5,-1.5
"2562",1.3,3.5,-1.25
"2563",1.3,3.5,-1
"2564",1.3,3.5,-0.75
"2565",1.3,3.5,-0.5
"2566",1.3,3.5,-0.25
"2567",1.3,3.5,0
"2568",1.3,3.75,-4
"2569",1.3,3.75,-3.75
"2570",1.3,3.75,-3.5
"2571",1.3,3.75,-3.25
"2572",1.3,3.75,-3
"2573",1.3,3.75,-2.75
"2574",1.3,3.75,-2.5
"2575",1.3,3.75,-2.25
"2576",1.3,3.75,-2
"2577",1.3,3.75,-1.75
"2578",1.3,3.75,-1.5
"2579",1.3,3.75,-1.25
"2580",1.3,3.75,-1
"2581",1.3,3.75,-0.75
"2582",1.3,3.75,-0.5
"2583",1.3,3.75,-0.25
"2584",1.3,3.75,0
"2585",1.3,4,-4
"2586",1.3,4,-3.75
"2587",1.3,4,-3.5
"2588",1.3,4,-3.25
"2589",1.3,4,-3
"2590",1.3,4,-2.75
"2591",1.3,4,-2.5
"2592",1.3,4,-2.25
"2593",1.3,4,-2
"2594",1.3,4,-1.75
"2595",1.3,4,-1.5
"2596",1.3,4,-1.25
"2597",1.3,4,-1
"2598",1.3,4,-0.75
"2599",1.3,4,-0.5
"2600",1.3,4,-0.25
"2601",1.3,4,0
"2602",1.4,0,-4
"2603",1.4,0,-3.75
"2604",1.4,0,-3.5
"2605",1.4,0,-3.25
"2606",1.4,0,-3
"2607",1.4,0,-2.75
"2608",1.4,0,-2.5
"2609",1.4,0,-2.25
"2610",1.4,0,-2
"2611",1.4,0,-1.75
"2612",1.4,0,-1.5
"2613",1.4,0,-1.25
"2614",1.4,0,-1
"2615",1.4,0,-0.75
"2616",1.4,0,-0.5
"2617",1.4,0,-0.25
"2618",1.4,0,0
"2619",1.4,0.25,-4
"2620",1.4,0.25,-3.75
"2621",1.4,0.25,-3.5
"2622",1.4,0.25,-3.25
"2623",1.4,0.25,-3
"2624",1.4,0.25,-2.75
"2625",1.4,0.25,-2.5
"2626",1.4,0.25,-2.25
"2627",1.4,0.25,-2
"2628",1.4,0.25,-1.75
"2629",1.4,0.25,-1.5
"2630",1.4,0.25,-1.25
"2631",1.4,0.25,-1
"2632",1.4,0.25,-0.75
"2633",1.4,0.25,-0.5
"2634",1.4,0.25,-0.25
"2635",1.4,0.25,0
"2636",1.4,0.5,-4
"2637",1.4,0.5,-3.75
"2638",1.4,0.5,-3.5
"2639",1.4,0.5,-3.25
"2640",1.4,0.5,-3
"2641",1.4,0.5,-2.75
"2642",1.4,0.5,-2.5
"2643",1.4,0.5,-2.25
"2644",1.4,0.5,-2
"2645",1.4,0.5,-1.75
"2646",1.4,0.5,-1.5
"2647",1.4,0.5,-1.25
"2648",1.4,0.5,-1
"2649",1.4,0.5,-0.75
"2650",1.4,0.5,-0.5
"2651",1.4,0.5,-0.25
"2652",1.4,0.5,0
"2653",1.4,0.75,-4
"2654",1.4,0.75,-3.75
"2655",1.4,0.75,-3.5
"2656",1.4,0.75,-3.25
"2657",1.4,0.75,-3
"2658",1.4,0.75,-2.75
"2659",1.4,0.75,-2.5
"2660",1.4,0.75,-2.25
"2661",1.4,0.75,-2
"2662",1.4,0.75,-1.75
"2663",1.4,0.75,-1.5
"2664",1.4,0.75,-1.25
"2665",1.4,0.75,-1
"2666",1.4,0.75,-0.75
"2667",1.4,0.75,-0.5
"2668",1.4,0.75,-0.25
"2669",1.4,0.75,0
"2670",1.4,1,-4
"2671",1.4,1,-3.75
"2672",1.4,1,-3.5
"2673",1.4,1,-3.25
"2674",1.4,1,-3
"2675",1.4,1,-2.75
"2676",1.4,1,-2.5
"2677",1.4,1,-2.25
"2678",1.4,1,-2
"2679",1.4,1,-1.75
"2680",1.4,1,-1.5
"2681",1.4,1,-1.25
"2682",1.4,1,-1
"2683",1.4,1,-0.75
"2684",1.4,1,-0.5
"2685",1.4,1,-0.25
"2686",1.4,1,0
"2687",1.4,1.25,-4
"2688",1.4,1.25,-3.75
"2689",1.4,1.25,-3.5
"2690",1.4,1.25,-3.25
"2691",1.4,1.25,-3
"2692",1.4,1.25,-2.75
"2693",1.4,1.25,-2.5
"2694",1.4,1.25,-2.25
"2695",1.4,1.25,-2
"2696",1.4,1.25,-1.75
"2697",1.4,1.25,-1.5
"2698",1.4,1.25,-1.25
"2699",1.4,1.25,-1
"2700",1.4,1.25,-0.75
"2701",1.4,1.25,-0.5
"2702",1.4,1.25,-0.25
"2703",1.4,1.25,0
"2704",1.4,1.5,-4
"2705",1.4,1.5,-3.75
"2706",1.4,1.5,-3.5
"2707",1.4,1.5,-3.25
"2708",1.4,1.5,-3
"2709",1.4,1.5,-2.75
"2710",1.4,1.5,-2.5
"2711",1.4,1.5,-2.25
"2712",1.4,1.5,-2
"2713",1.4,1.5,-1.75
"2714",1.4,1.5,-1.5
"2715",1.4,1.5,-1.25
"2716",1.4,1.5,-1
"2717",1.4,1.5,-0.75
"2718",1.4,1.5,-0.5
"2719",1.4,1.5,-0.25
"2720",1.4,1.5,0
"2721",1.4,1.75,-4
"2722",1.4,1.75,-3.75
"2723",1.4,1.75,-3.5
"2724",1.4,1.75,-3.25
"2725",1.4,1.75,-3
"2726",1.4,1.75,-2.75
"2727",1.4,1.75,-2.5
"2728",1.4,1.75,-2.25
"2729",1.4,1.75,-2
"2730",1.4,1.75,-1.75
"2731",1.4,1.75,-1.5
"2732",1.4,1.75,-1.25
"2733",1.4,1.75,-1
"2734",1.4,1.75,-0.75
"2735",1.4,1.75,-0.5
"2736",1.4,1.75,-0.25
"2737",1.4,1.75,0
"2738",1.4,2,-4
"2739",1.4,2,-3.75
"2740",1.4,2,-3.5
"2741",1.4,2,-3.25
"2742",1.4,2,-3
"2743",1.4,2,-2.75
"2744",1.4,2,-2.5
"2745",1.4,2,-2.25
"2746",1.4,2,-2
"2747",1.4,2,-1.75
"2748",1.4,2,-1.5
"2749",1.4,2,-1.25
"2750",1.4,2,-1
"2751",1.4,2,-0.75
"2752",1.4,2,-0.5
"2753",1.4,2,-0.25
"2754",1.4,2,0
"2755",1.4,2.25,-4
"2756",1.4,2.25,-3.75
"2757",1.4,2.25,-3.5
"2758",1.4,2.25,-3.25
"2759",1.4,2.25,-3
"2760",1.4,2.25,-2.75
"2761",1.4,2.25,-2.5
"2762",1.4,2.25,-2.25
"2763",1.4,2.25,-2
"2764",1.4,2.25,-1.75
"2765",1.4,2.25,-1.5
"2766",1.4,2.25,-1.25
"2767",1.4,2.25,-1
"2768",1.4,2.25,-0.75
"2769",1.4,2.25,-0.5
"2770",1.4,2.25,-0.25
"2771",1.4,2.25,0
"2772",1.4,2.5,-4
"2773",1.4,2.5,-3.75
"2774",1.4,2.5,-3.5
"2775",1.4,2.5,-3.25
"2776",1.4,2.5,-3
"2777",1.4,2.5,-2.75
"2778",1.4,2.5,-2.5
"2779",1.4,2.5,-2.25
"2780",1.4,2.5,-2
"2781",1.4,2.5,-1.75
"2782",1.4,2.5,-1.5
"2783",1.4,2.5,-1.25
"2784",1.4,2.5,-1
"2785",1.4,2.5,-0.75
"2786",1.4,2.5,-0.5
"2787",1.4,2.5,-0.25
"2788",1.4,2.5,0
"2789",1.4,2.75,-4
"2790",1.4,2.75,-3.75
"2791",1.4,2.75,-3.5
"2792",1.4,2.75,-3.25
"2793",1.4,2.75,-3
"2794",1.4,2.75,-2.75
"2795",1.4,2.75,-2.5
"2796",1.4,2.75,-2.25
"2797",1.4,2.75,-2
"2798",1.4,2.75,-1.75
"2799",1.4,2.75,-1.5
"2800",1.4,2.75,-1.25
"2801",1.4,2.75,-1
"2802",1.4,2.75,-0.75
"2803",1.4,2.75,-0.5
"2804",1.4,2.75,-0.25
"2805",1.4,2.75,0
"2806",1.4,3,-4
"2807",1.4,3,-3.75
"2808",1.4,3,-3.5
"2809",1.4,3,-3.25
"2810",1.4,3,-3
"2811",1.4,3,-2.75
"2812",1.4,3,-2.5
"2813",1.4,3,-2.25
"2814",1.4,3,-2
"2815",1.4,3,-1.75
"2816",1.4,3,-1.5
"2817",1.4,3,-1.25
"2818",1.4,3,-1
"2819",1.4,3,-0.75
"2820",1.4,3,-0.5
"2821",1.4,3,-0.25
"2822",1.4,3,0
"2823",1.4,3.25,-4
"2824",1.4,3.25,-3.75
"2825",1.4,3.25,-3.5
"2826",1.4,3.25,-3.25
"2827",1.4,3.25,-3
"2828",1.4,3.25,-2.75
"2829",1.4,3.25,-2.5
"2830",1.4,3.25,-2.25
"2831",1.4,3.25,-2
"2832",1.4,3.25,-1.75
"2833",1.4,3.25,-1.5
"2834",1.4,3.25,-1.25
"2835",1.4,3.25,-1
"2836",1.4,3.25,-0.75
"2837",1.4,3.25,-0.5
"2838",1.4,3.25,-0.25
"2839",1.4,3.25,0
"2840",1.4,3.5,-4
"2841",1.4,3.5,-3.75
"2842",1.4,3.5,-3.5
"2843",1.4,3.5,-3.25
"2844",1.4,3.5,-3
"2845",1.4,3.5,-2.75
"2846",1.4,3.5,-2.5
"2847",1.4,3.5,-2.25
"2848",1.4,3.5,-2
"2849",1.4,3.5,-1.75
"2850",1.4,3.5,-1.5
"2851",1.4,3.5,-1.25
"2852",1.4,3.5,-1
"2853",1.4,3.5,-0.75
"2854",1.4,3.5,-0.5
"2855",1.4,3.5,-0.25
"2856",1.4,3.5,0
"2857",1.4,3.75,-4
"2858",1.4,3.75,-3.75
"2859",1.4,3.75,-3.5
"2860",1.4,3.75,-3.25
"2861",1.4,3.75,-3
"2862",1.4,3.75,-2.75
"2863",1.4,3.75,-2.5
"2864",1.4,3.75,-2.25
"2865",1.4,3.75,-2
"2866",1.4,3.75,-1.75
"2867",1.4,3.75,-1.5
"2868",1.4,3.75,-1.25
"2869",1.4,3.75,-1
"2870",1.4,3.75,-0.75
"2871",1.4,3.75,-0.5
"2872",1.4,3.75,-0.25
"2873",1.4,3.75,0
"2874",1.4,4,-4
"2875",1.4,4,-3.75
"2876",1.4,4,-3.5
"2877",1.4,4,-3.25
"2878",1.4,4,-3
"2879",1.4,4,-2.75
"2880",1.4,4,-2.5
"2881",1.4,4,-2.25
"2882",1.4,4,-2
"2883",1.4,4,-1.75
"2884",1.4,4,-1.5
"2885",1.4,4,-1.25
"2886",1.4,4,-1
"2887",1.4,4,-0.75
"2888",1.4,4,-0.5
"2889",1.4,4,-0.25
"2890",1.4,4,0
"2891",1.5,0,-4
"2892",1.5,0,-3.75
"2893",1.5,0,-3.5
"2894",1.5,0,-3.25
"2895",1.5,0,-3
"2896",1.5,0,-2.75
"2897",1.5,0,-2.5
"2898",1.5,0,-2.25
"2899",1.5,0,-2
"2900",1.5,0,-1.75
"2901",1.5,0,-1.5
"2902",1.5,0,-1.25
"2903",1.5,0,-1
"2904",1.5,0,-0.75
"2905",1.5,0,-0.5
"2906",1.5,0,-0.25
"2907",1.5,0,0
"2908",1.5,0.25,-4
"2909",1.5,0.25,-3.75
"2910",1.5,0.25,-3.5
"2911",1.5,0.25,-3.25
"2912",1.5,0.25,-3
"2913",1.5,0.25,-2.75
"2914",1.5,0.25,-2.5
"2915",1.5,0.25,-2.25
"2916",1.5,0.25,-2
"2917",1.5,0.25,-1.75
"2918",1.5,0.25,-1.5
"2919",1.5,0.25,-1.25
"2920",1.5,0.25,-1
"2921",1.5,0.25,-0.75
"2922",1.5,0.25,-0.5
"2923",1.5,0.25,-0.25
"2924",1.5,0.25,0
"2925",1.5,0.5,-4
"2926",1.5,0.5,-3.75
"2927",1.5,0.5,-3.5
"2928",1.5,0.5,-3.25
"2929",1.5,0.5,-3
"2930",1.5,0.5,-2.75
"2931",1.5,0.5,-2.5
"2932",1.5,0.5,-2.25
"2933",1.5,0.5,-2
"2934",1.5,0.5,-1.75
"2935",1.5,0.5,-1.5
"2936",1.5,0.5,-1.25
"2937",1.5,0.5,-1
"2938",1.5,0.5,-0.75
"2939",1.5,0.5,-0.5
"2940",1.5,0.5,-0.25
"2941",1.5,0.5,0
"2942",1.5,0.75,-4
"2943",1.5,0.75,-3.75
"2944",1.5,0.75,-3.5
"2945",1.5,0.75,-3.25
"2946",1.5,0.75,-3
"2947",1.5,0.75,-2.75
"2948",1.5,0.75,-2.5
"2949",1.5,0.75,-2.25
"2950",1.5,0.75,-2
"2951",1.5,0.75,-1.75
"2952",1.5,0.75,-1.5
"2953",1.5,0.75,-1.25
"2954",1.5,0.75,-1
"2955",1.5,0.75,-0.75
"2956",1.5,0.75,-0.5
"2957",1.5,0.75,-0.25
"2958",1.5,0.75,0
"2959",1.5,1,-4
"2960",1.5,1,-3.75
"2961",1.5,1,-3.5
"2962",1.5,1,-3.25
"2963",1.5,1,-3
"2964",1.5,1,-2.75
"2965",1.5,1,-2.5
"2966",1.5,1,-2.25
"2967",1.5,1,-2
"2968",1.5,1,-1.75
"2969",1.5,1,-1.5
"2970",1.5,1,-1.25
"2971",1.5,1,-1
"2972",1.5,1,-0.75
"2973",1.5,1,-0.5
"2974",1.5,1,-0.25
"2975",1.5,1,0
"2976",1.5,1.25,-4
"2977",1.5,1.25,-3.75
"2978",1.5,1.25,-3.5
"2979",1.5,1.25,-3.25
"2980",1.5,1.25,-3
"2981",1.5,1.25,-2.75
"2982",1.5,1.25,-2.5
"2983",1.5,1.25,-2.25
"2984",1.5,1.25,-2
"2985",1.5,1.25,-1.75
"2986",1.5,1.25,-1.5
"2987",1.5,1.25,-1.25
"2988",1.5,1.25,-1
"2989",1.5,1.25,-0.75
"2990",1.5,1.25,-0.5
"2991",1.5,1.25,-0.25
"2992",1.5,1.25,0
"2993",1.5,1.5,-4
"2994",1.5,1.5,-3.75
"2995",1.5,1.5,-3.5
"2996",1.5,1.5,-3.25
"2997",1.5,1.5,-3
"2998",1.5,1.5,-2.75
"2999",1.5,1.5,-2.5
"3000",1.5,1.5,-2.25
"3001",1.5,1.5,-2
"3002",1.5,1.5,-1.75
"3003",1.5,1.5,-1.5
"3004",1.5,1.5,-1.25
"3005",1.5,1.5,-1
"3006",1.5,1.5,-0.75
"3007",1.5,1.5,-0.5
"3008",1.5,1.5,-0.25
"3009",1.5,1.5,0
"3010",1.5,1.75,-4
"3011",1.5,1.75,-3.75
"3012",1.5,1.75,-3.5
"3013",1.5,1.75,-3.25
"3014",1.5,1.75,-3
"3015",1.5,1.75,-2.75
"3016",1.5,1.75,-2.5
"3017",1.5,1.75,-2.25
"3018",1.5,1.75,-2
"3019",1.5,1.75,-1.75
"3020",1.5,1.75,-1.5
"3021",1.5,1.75,-1.25
"3022",1.5,1.75,-1
"3023",1.5,1.75,-0.75
"3024",1.5,1.75,-0.5
"3025",1.5,1.75,-0.25
"3026",1.5,1.75,0
"3027",1.5,2,-4
"3028",1.5,2,-3.75
"3029",1.5,2,-3.5
"3030",1.5,2,-3.25
"3031",1.5,2,-3
"3032",1.5,2,-2.75
"3033",1.5,2,-2.5
"3034",1.5,2,-2.25
"3035",1.5,2,-2
"3036",1.5,2,-1.75
"3037",1.5,2,-1.5
"3038",1.5,2,-1.25
"3039",1.5,2,-1
"3040",1.5,2,-0.75
"3041",1.5,2,-0.5
"3042",1.5,2,-0.25
"3043",1.5,2,0
"3044",1.5,2.25,-4
"3045",1.5,2.25,-3.75
"3046",1.5,2.25,-3.5
"3047",1.5,2.25,-3.25
"3048",1.5,2.25,-3
"3049",1.5,2.25,-2.75
"3050",1.5,2.25,-2.5
"3051",1.5,2.25,-2.25
"3052",1.5,2.25,-2
"3053",1.5,2.25,-1.75
"3054",1.5,2.25,-1.5
"3055",1.5,2.25,-1.25
"3056",1.5,2.25,-1
"3057",1.5,2.25,-0.75
"3058",1.5,2.25,-0.5
"3059",1.5,2.25,-0.25
"3060",1.5,2.25,0
"3061",1.5,2.5,-4
"3062",1.5,2.5,-3.75
"3063",1.5,2.5,-3.5
"3064",1.5,2.5,-3.25
"3065",1.5,2.5,-3
"3066",1.5,2.5,-2.75
"3067",1.5,2.5,-2.5
"3068",1.5,2.5,-2.25
"3069",1.5,2.5,-2
"3070",1.5,2.5,-1.75
"3071",1.5,2.5,-1.5
"3072",1.5,2.5,-1.25
"3073",1.5,2.5,-1
"3074",1.5,2.5,-0.75
"3075",1.5,2.5,-0.5
"3076",1.5,2.5,-0.25
"3077",1.5,2.5,0
"3078",1.5,2.75,-4
"3079",1.5,2.75,-3.75
"3080",1.5,2.75,-3.5
"3081",1.5,2.75,-3.25
"3082",1.5,2.75,-3
"3083",1.5,2.75,-2.75
"3084",1.5,2.75,-2.5
"3085",1.5,2.75,-2.25
"3086",1.5,2.75,-2
"3087",1.5,2.75,-1.75
"3088",1.5,2.75,-1.5
"3089",1.5,2.75,-1.25
"3090",1.5,2.75,-1
"3091",1.5,2.75,-0.75
"3092",1.5,2.75,-0.5
"3093",1.5,2.75,-0.25
"3094",1.5,2.75,0
"3095",1.5,3,-4
"3096",1.5,3,-3.75
"3097",1.5,3,-3.5
"3098",1.5,3,-3.25
"3099",1.5,3,-3
"3100",1.5,3,-2.75
"3101",1.5,3,-2.5
"3102",1.5,3,-2.25
"3103",1.5,3,-2
"3104",1.5,3,-1.75
"3105",1.5,3,-1.5
"3106",1.5,3,-1.25
"3107",1.5,3,-1
"3108",1.5,3,-0.75
"3109",1.5,3,-0.5
"3110",1.5,3,-0.25
"3111",1.5,3,0
"3112",1.5,3.25,-4
"3113",1.5,3.25,-3.75
"3114",1.5,3.25,-3.5
"3115",1.5,3.25,-3.25
"3116",1.5,3.25,-3
"3117",1.5,3.25,-2.75
"3118",1.5,3.25,-2.5
"3119",1.5,3.25,-2.25
"3120",1.5,3.25,-2
"3121",1.5,3.25,-1.75
"3122",1.5,3.25,-1.5
"3123",1.5,3.25,-1.25
"3124",1.5,3.25,-1
"3125",1.5,3.25,-0.75
"3126",1.5,3.25,-0.5
"3127",1.5,3.25,-0.25
"3128",1.5,3.25,0
"3129",1.5,3.5,-4
"3130",1.5,3.5,-3.75
"3131",1.5,3.5,-3.5
"3132",1.5,3.5,-3.25
"3133",1.5,3.5,-3
"3134",1.5,3.5,-2.75
"3135",1.5,3.5,-2.5
"3136",1.5,3.5,-2.25
"3137",1.5,3.5,-2
"3138",1.5,3.5,-1.75
"3139",1.5,3.5,-1.5
"3140",1.5,3.5,-1.25
"3141",1.5,3.5,-1
"3142",1.5,3.5,-0.75
"3143",1.5,3.5,-0.5
"3144",1.5,3.5,-0.25
"3145",1.5,3.5,0
"3146",1.5,3.75,-4
"3147",1.5,3.75,-3.75
"3148",1.5,3.75,-3.5
"3149",1.5,3.75,-3.25
"3150",1.5,3.75,-3
"3151",1.5,3.75,-2.75
"3152",1.5,3.75,-2.5
"3153",1.5,3.75,-2.25
"3154",1.5,3.75,-2
"3155",1.5,3.75,-1.75
"3156",1.5,3.75,-1.5
"3157",1.5,3.75,-1.25
"3158",1.5,3.75,-1
"3159",1.5,3.75,-0.75
"3160",1.5,3.75,-0.5
"3161",1.5,3.75,-0.25
"3162",1.5,3.75,0
"3163",1.5,4,-4
"3164",1.5,4,-3.75
"3165",1.5,4,-3.5
"3166",1.5,4,-3.25
"3167",1.5,4,-3
"3168",1.5,4,-2.75
"3169",1.5,4,-2.5
"3170",1.5,4,-2.25
"3171",1.5,4,-2
"3172",1.5,4,-1.75
"3173",1.5,4,-1.5
"3174",1.5,4,-1.25
"3175",1.5,4,-1
"3176",1.5,4,-0.75
"3177",1.5,4,-0.5
"3178",1.5,4,-0.25
"3179",1.5,4,0
