Date,Thaw depth Unburned,Thaw depth Moderate,Thaw depth Severe
22-Jun-2008,12,18,45
22-Jun-2008,11,20,14
22-Jun-2008,10,18,43
22-Jun-2008,1,21,41
22-Jun-2008,16,11,21
22-Jun-2008,9,18,14
22-Jun-2008,7,46,48
22-Jun-2008,9,17,27
22-Jun-2008,12,40,46
22-Jun-2008,2,27,41
22-Jun-2008,7,13,16
22-Jun-2008,10,27,46
22-Jun-2008,10,18,16
22-Jun-2008,8,15,42
22-Jun-2008,16,13,32
22-Jun-2008,6,15,39
22-Jun-2008,8,22,15
22-Jun-2008,5,18,16
22-Jun-2008,9,47,42
22-Jun-2008,7,19,38
22-Jun-2008,25,48,25
22-Jun-2008,12,25,19
22-Jun-2008,9,10,17
22-Jun-2008,13,47,19
22-Jun-2008,11,14,26
22-Jun-2008,10,15,20
22-Jun-2008,19,18,33
22-Jun-2008,2,15,18
22-Jun-2008,8,18,25
22-Jun-2008,16,29,26
22-Jun-2008,15,22,46
22-Jun-2008,22,16,20
04-Jul-2008,18,31,52
04-Jul-2008,34,34,55
04-Jul-2008,24,47,15
04-Jul-2008,30,46,25
04-Jul-2008,16,25,46
04-Jul-2008,21,39,61
04-Jul-2008,13,22,19
04-Jul-2008,15,50,45
04-Jul-2008,20,20,25
04-Jul-2008,19,32,42
04-Jul-2008,20,30,42
04-Jul-2008,36,24,28
04-Jul-2008,19,58,41
04-Jul-2008,18,53,27
04-Jul-2008,25,57,52
04-Jul-2008,14,36,53
04-Jul-2008,12,43,25
04-Jul-2008,35,26,40
04-Jul-2008,44,44,31
04-Jul-2008,31,28,23
04-Jul-2008,30,36,27
04-Jul-2008,22,30,60
04-Jul-2008,26,33,57
04-Jul-2008,25,25,26
04-Jul-2008,37,24,34
04-Jul-2008,18,34,28
04-Jul-2008,23,42,42
04-Jul-2008,19,26,47
04-Jul-2008,20,42,52
04-Jul-2008,21,27,56
04-Jul-2008,28,26,51
04-Jul-2008,27,56,27
04-Jul-2008,32,45,52
04-Jul-2008,30,53,32
04-Jul-2008,29,28,55
04-Jul-2008,28,34,49
04-Jul-2008,24,32,40
04-Jul-2008,29,30,38
04-Jul-2008,33,22,38
04-Jul-2008,42,29,41
04-Jul-2008,36,27,48
04-Jul-2008,39,25,47
04-Jul-2008,22,34,58
04-Jul-2008,15,37,35
04-Jul-2008,47,28,47
04-Jul-2008,30,31,49
04-Jul-2008,36,37,41
04-Jul-2008,26,27,47
04-Jul-2008,34,31,59
04-Jul-2008,31,34,39
04-Jul-2008,26,58,44
04-Jul-2008,36,38,56
04-Jul-2008,23,43,44
04-Jul-2008,26,30,29
04-Jul-2008,16,50,29
04-Jul-2008,32,34,29
04-Jul-2008,30,24,36
04-Jul-2008,27,31,52
04-Jul-2008,31,58,43
04-Jul-2008,20,24,38
04-Jul-2008,37,33,53
04-Jul-2008,37,38,37
04-Jul-2008,37,31,58
04-Jul-2008,36,26,56
04-Jul-2008,26,40,26
04-Jul-2008,23,27,43
04-Jul-2008,20,30,41
04-Jul-2008,26,30,55
04-Jul-2008,22,30,52
04-Jul-2008,23,25,35
04-Jul-2008,32,30,61
04-Jul-2008,33,32,60
04-Jul-2008,30,28,58
04-Jul-2008,36,31,29
04-Jul-2008,31,56,31
04-Jul-2008,38,26,33
24-Jul-2008,33,34,42
24-Jul-2008,34,58,40
24-Jul-2008,48,60,63
24-Jul-2008,40,69,47
24-Jul-2008,37,41,57
24-Jul-2008,50,66,38
24-Jul-2008,41,47,43
24-Jul-2008,27,42,54
24-Jul-2008,28,32,39
24-Jul-2008,28,48,38
24-Jul-2008,54,41,36
24-Jul-2008,26,42,41
24-Jul-2008,65,44,41
24-Jul-2008,39,42,51
24-Jul-2008,17,36,51
24-Jul-2008,22,58,71
24-Jul-2008,37,43,60
24-Jul-2008,47,50,59
24-Jul-2008,37,55,41
24-Jul-2008,38,33,38
24-Jul-2008,53,63,39
24-Jul-2008,35,55,38
24-Jul-2008,37,54,48
24-Jul-2008,31,42,58
24-Jul-2008,42,40,63
24-Jul-2008,46,46,40
24-Jul-2008,38,42,45
24-Jul-2008,41,66,43
24-Jul-2008,41,50,53
24-Jul-2008,57,61,50
24-Jul-2008,29,51,69
24-Jul-2008,20,44,59
24-Jul-2008,33,48,58
24-Jul-2008,26,43,50
24-Jul-2008,32,52,45
24-Jul-2008,36,73,50
24-Jul-2008,41,40,42
24-Jul-2008,44,33,43
24-Jul-2008,35,53,61
24-Jul-2008,63,31,58
24-Jul-2008,54,43,64
24-Jul-2008,57,37,61
24-Jul-2008,28,57,65
24-Jul-2008,32,32,40
24-Jul-2008,38,48,42
24-Jul-2008,43,30,63
24-Jul-2008,33,44,50
24-Jul-2008,35,37,44
24-Jul-2008,44,48,53
24-Jul-2008,46,34,32
24-Jul-2008,55,50,49
24-Jul-2008,42,40,60
24-Jul-2008,54,55,59
24-Jul-2008,27,39,47
24-Jul-2008,32,59,33
24-Jul-2008,37,42,67
24-Jul-2008,42,47,38
24-Jul-2008,42,53,42
24-Jul-2008,52,63,63
24-Jul-2008,33,75,42
24-Jul-2008,46,33,51
24-Jul-2008,41,35,61
24-Jul-2008,53,32,55
24-Jul-2008,48,57,40
24-Jul-2008,29,44,36
24-Jul-2008,50,33,44
24-Jul-2008,54,48,50
24-Jul-2008,51,40,40
24-Jul-2008,46,40,61
24-Jul-2008,55,44,68
24-Jul-2008,20,48,65
24-Jul-2008,33,37,54
24-Jul-2008,29,40,60
24-Jul-2008,44,33,62
24-Jul-2008,34,50,53
24-Jul-2008,38,63,52
06-Aug-2008,33,60,56
06-Aug-2008,42,70,32
06-Aug-2008,35,57,53
06-Aug-2008,45,40,65
06-Aug-2008,34,38,65
06-Aug-2008,40,62,53
06-Aug-2008,47,39,58
06-Aug-2008,41,37,64
06-Aug-2008,42,40,38
06-Aug-2008,44,34,42
06-Aug-2008,37,45,61
06-Aug-2008,48,62,56
06-Aug-2008,44,47,53
06-Aug-2008,40,41,40
06-Aug-2008,34,55,62
06-Aug-2008,48,57,67
06-Aug-2008,29,37,62
06-Aug-2008,45,49,57
06-Aug-2008,37,60,44
06-Aug-2008,58,34,42
06-Aug-2008,40,54,73
06-Aug-2008,33,55,42
06-Aug-2008,44,52,59
06-Aug-2008,27,54,51
06-Aug-2008,27,35,68
06-Aug-2008,27,47,53
06-Aug-2008,35,41,37
06-Aug-2008,42,39,45
06-Aug-2008,34,57,43
06-Aug-2008,37,50,38
06-Aug-2008,28,41,66
06-Aug-2008,25,43,77
06-Aug-2008,47,53,67
06-Aug-2008,36,60,38
06-Aug-2008,42,44,60
06-Aug-2008,47,63,59
06-Aug-2008,49,39,65
06-Aug-2008,61,43,52
06-Aug-2008,62,58,50
06-Aug-2008,45,40,52
06-Aug-2008,61,41,57
06-Aug-2008,32,39,58
06-Aug-2008,27,59,59
06-Aug-2008,45,38,55
06-Aug-2008,49,51,52
06-Aug-2008,58,37,66
06-Aug-2008,48,37,55
06-Aug-2008,50,35,48
06-Aug-2008,40,52,52
06-Aug-2008,36,39,50
06-Aug-2008,30,40,44
06-Aug-2008,43,42,62
06-Aug-2008,35,57,56
06-Aug-2008,34,47,46
06-Aug-2008,45,55,46
06-Aug-2008,44,49,45
06-Aug-2008,45,47,55
06-Aug-2008,59,61,60
06-Aug-2008,35,70,55
06-Aug-2008,38,78,48
06-Aug-2008,45,37,67
06-Aug-2008,52,33,53
06-Aug-2008,56,34,50
06-Aug-2008,35,56,66
06-Aug-2008,34,45,39
06-Aug-2008,40,37,50
06-Aug-2008,45,52,53
06-Aug-2008,33,47,45
06-Aug-2008,30,52,62
06-Aug-2008,23,35,68
06-Aug-2008,49,39,73
06-Aug-2008,51,42,47
06-Aug-2008,52,43,58
06-Aug-2008,65,41,62
06-Aug-2008,53,58,57
06-Aug-2008,#N/A,52,55
30-Aug-2008,39,67,52
30-Aug-2008,52,78,32
30-Aug-2008,59,74,57
30-Aug-2008,51,44,67
30-Aug-2008,53,64,68
30-Aug-2008,43,49,63
30-Aug-2008,51,52,47
30-Aug-2008,35,37,47
30-Aug-2008,53,60,67
30-Aug-2008,61,49,39
30-Aug-2008,48,39,59
30-Aug-2008,29,81,52
30-Aug-2008,43,47,53
30-Aug-2008,48,58,57
30-Aug-2008,49,42,49
30-Aug-2008,49,51,62
30-Aug-2008,43,64,55
30-Aug-2008,45,45,58
30-Aug-2008,43,51,53
30-Aug-2008,60,58,71
30-Aug-2008,59,45,57
30-Aug-2008,43,63,64
30-Aug-2008,40,57,67
30-Aug-2008,47,58,57
30-Aug-2008,31,52,80
30-Aug-2008,36,44,53
30-Aug-2008,39,18,44
30-Aug-2008,49,46,49
30-Aug-2008,42,45,43
30-Aug-2008,40,41,54
30-Aug-2008,43,58,60
30-Aug-2008,40,55,60
30-Aug-2008,46,47,65
30-Aug-2008,43,68,67
30-Aug-2008,42,48,48
30-Aug-2008,41,68,67
30-Aug-2008,48,47,52
30-Aug-2008,54,47,47
30-Aug-2008,54,50,51
30-Aug-2008,60,39,58
30-Aug-2008,55,46,56
30-Aug-2008,71,49,64
30-Aug-2008,35,61,58
30-Aug-2008,34,61,53
30-Aug-2008,35,64,48
30-Aug-2008,56,45,67
30-Aug-2008,39,54,58
30-Aug-2008,48,45,50
30-Aug-2008,43,56,60
30-Aug-2008,49,36,45
30-Aug-2008,51,52,44
30-Aug-2008,54,37,60
30-Aug-2008,34,33,59
30-Aug-2008,30,44,46
30-Aug-2008,43,78,48
30-Aug-2008,43,52,44
30-Aug-2008,43,49,57
30-Aug-2008,51,64,63
30-Aug-2008,53,42,56
30-Aug-2008,38,77,48
30-Aug-2008,41,44,65
30-Aug-2008,58,47,45
30-Aug-2008,52,40,49
30-Aug-2008,49,54,66
30-Aug-2008,31,58,40
30-Aug-2008,58,57,55
30-Aug-2008,56,67,47
30-Aug-2008,73,37,38
30-Aug-2008,47,41,66
30-Aug-2008,60,44,73
30-Aug-2008,39,49,71
30-Aug-2008,45,48,48
30-Aug-2008,36,55,74
30-Aug-2008,45,47,64
30-Aug-2008,36,63,55
30-Aug-2008,57,38,58
05-Jun-2009,6,14,16
05-Jun-2009,8,9,11
05-Jun-2009,5,11,13
05-Jun-2009,6,9,21
05-Jun-2009,4,15,10
05-Jun-2009,5,11,13
05-Jun-2009,5,15,12
05-Jun-2009,4,16,15
05-Jun-2009,7,11,14
05-Jun-2009,8,10,19
05-Jun-2009,4,12,17
05-Jun-2009,5,16,12
05-Jun-2009,6,10,14
05-Jun-2009,7,19,11
05-Jun-2009,7,9,17
05-Jun-2009,5,10,13
05-Jun-2009,4,9,10
05-Jun-2009,7,10,11
05-Jun-2009,5,9,13
05-Jun-2009,8,10,13
05-Jun-2009,6,9,18
05-Jun-2009,7,11,15
05-Jun-2009,6,15,7
05-Jun-2009,7,14,10
05-Jun-2009,5,9,11
05-Jun-2009,8,9,8
05-Jun-2009,6,17,11
05-Jun-2009,5,12,10
05-Jun-2009,6,9,11
05-Jun-2009,6,17,11
05-Jun-2009,4,6,14
05-Jun-2009,5,10,13
05-Jun-2009,6,17,18
05-Jun-2009,6,9,16
05-Jun-2009,8,12,12
05-Jun-2009,6,14,11
05-Jun-2009,8,11,11
05-Jun-2009,5,13,11
05-Jun-2009,6,9,12
05-Jun-2009,6,15,11
05-Jun-2009,6,10,20
05-Jun-2009,6,17,14
05-Jun-2009,7,16,13
05-Jun-2009,7,9,12
05-Jun-2009,4,9,8
05-Jun-2009,8,11,16
05-Jun-2009,8,12,12
05-Jun-2009,9,10,16
05-Jun-2009,6,16,11
05-Jun-2009,5,7,16
05-Jun-2009,4,15,13
05-Jun-2009,6,9,24
05-Jun-2009,4,10,14
05-Jun-2009,4,7,15
05-Jun-2009,4,15,11
05-Jun-2009,7,12,12
05-Jun-2009,3,10,11
05-Jun-2009,7,14,12
05-Jun-2009,7,13,12
05-Jun-2009,6,10,9
05-Jun-2009,6,8,13
05-Jun-2009,7,6,22
05-Jun-2009,7,8,11
05-Jun-2009,4,8,12
05-Jun-2009,6,12,10
05-Jun-2009,6,14,18
05-Jun-2009,5,10,15
05-Jun-2009,5,10,10
05-Jun-2009,5,10,15
05-Jun-2009,7,13,8
05-Jun-2009,7,9,16
05-Jun-2009,5,15,12
05-Jun-2009,6,10,18
05-Jun-2009,5,11,18
05-Jun-2009,5,10,19
05-Jun-2009,4,12,12
14-Jun-2009,16,20,18
14-Jun-2009,14,15,19
14-Jun-2009,14,24,30
14-Jun-2009,20,17,22
14-Jun-2009,23,20,34
14-Jun-2009,14,12,18
14-Jun-2009,15,19,32
14-Jun-2009,11,12,31
14-Jun-2009,13,13,22
14-Jun-2009,19,13,28
14-Jun-2009,14,33,26
14-Jun-2009,13,12,21
14-Jun-2009,19,14,19
14-Jun-2009,14,11,18
14-Jun-2009,16,18,19
14-Jun-2009,13,14,16
14-Jun-2009,24,14,17
14-Jun-2009,15,11,15
14-Jun-2009,22,21,22
14-Jun-2009,21,26,18
14-Jun-2009,18,20,23
14-Jun-2009,21,20,30
14-Jun-2009,16,33,17
14-Jun-2009,17,19,14
14-Jun-2009,15,16,17
14-Jun-2009,14,25,37
14-Jun-2009,23,30,25
14-Jun-2009,13,13,19
14-Jun-2009,14,23,18
14-Jun-2009,14,30,16
14-Jun-2009,23,20,37
14-Jun-2009,17,27,25
14-Jun-2009,18,15,32
14-Jun-2009,22,30,43
14-Jun-2009,21,22,17
14-Jun-2009,12,23,20
14-Jun-2009,26,17,32
14-Jun-2009,20,12,16
14-Jun-2009,15,27,22
14-Jun-2009,15,14,18
14-Jun-2009,26,24,41
14-Jun-2009,18,11,23
14-Jun-2009,16,23,29
14-Jun-2009,23,24,21
14-Jun-2009,22,11,27
14-Jun-2009,13,17,37
14-Jun-2009,18,15,17
14-Jun-2009,22,18,21
14-Jun-2009,26,19,27
14-Jun-2009,18,12,24
14-Jun-2009,13,14,37
14-Jun-2009,18,14,50
14-Jun-2009,13,11,22
14-Jun-2009,13,13,28
14-Jun-2009,13,14,19
14-Jun-2009,17,15,20
14-Jun-2009,19,19,19
14-Jun-2009,20,20,28
14-Jun-2009,14,16,23
14-Jun-2009,24,40,24
14-Jun-2009,14,10,22
14-Jun-2009,23,17,20
14-Jun-2009,22,17,20
14-Jun-2009,17,19,25
14-Jun-2009,17,25,15
14-Jun-2009,25,20,34
14-Jun-2009,17,17,22
14-Jun-2009,27,16,35
14-Jun-2009,12,17,40
14-Jun-2009,13,14,34
14-Jun-2009,21,14,29
14-Jun-2009,16,17,44
14-Jun-2009,16,12,24
14-Jun-2009,18,13,23
14-Jun-2009,20,22,23
14-Jun-2009,18,14,19
29-Jun-2009,24,44,42
29-Jun-2009,29,21,20
29-Jun-2009,12,34,40
29-Jun-2009,14,23,17
29-Jun-2009,10,23,27
29-Jun-2009,10,25,23
29-Jun-2009,9,23,24
29-Jun-2009,12,26,46
29-Jun-2009,15,34,15
29-Jun-2009,15,17,43
29-Jun-2009,21,19,45
29-Jun-2009,10,22,23
29-Jun-2009,21,21,22
29-Jun-2009,17,22,55
29-Jun-2009,17,35,34
29-Jun-2009,15,21,36
29-Jun-2009,23,27,45
29-Jun-2009,34,23,25
29-Jun-2009,17,22,52
29-Jun-2009,39,21,54
29-Jun-2009,17,17,54
29-Jun-2009,20,19,45
29-Jun-2009,18,25,45
29-Jun-2009,8,24,30
29-Jun-2009,17,56,48
29-Jun-2009,11,20,44
29-Jun-2009,14,51,35
29-Jun-2009,18,19,46
29-Jun-2009,20,20,45
29-Jun-2009,12,33,35
29-Jun-2009,18,24,54
29-Jun-2009,14,23,50
29-Jun-2009,14,33,57
29-Jun-2009,16,59,45
29-Jun-2009,19,34,32
29-Jun-2009,15,30,19
29-Jun-2009,20,44,24
29-Jun-2009,22,22,38
29-Jun-2009,19,36,49
29-Jun-2009,42,22,44
29-Jun-2009,16,48,60
29-Jun-2009,35,33,39
29-Jun-2009,17,51,36
29-Jun-2009,17,18,55
29-Jun-2009,8,37,47
29-Jun-2009,23,35,43
29-Jun-2009,18,36,46
29-Jun-2009,37,25,40
29-Jun-2009,21,32,24
29-Jun-2009,21,21,50
29-Jun-2009,33,37,36
29-Jun-2009,22,20,42
29-Jun-2009,12,24,27
29-Jun-2009,16,22,35
29-Jun-2009,19,36,41
29-Jun-2009,13,26,52
29-Jun-2009,17,27,31
29-Jun-2009,21,38,39
29-Jun-2009,22,35,51
29-Jun-2009,15,61,31
29-Jun-2009,17,20,36
29-Jun-2009,16,20,59
29-Jun-2009,35,22,27
29-Jun-2009,18,28,35
29-Jun-2009,16,36,35
29-Jun-2009,21,21,32
29-Jun-2009,11,26,51
29-Jun-2009,22,19,57
29-Jun-2009,19,22,63
29-Jun-2009,9,35,44
29-Jun-2009,15,19,63
29-Jun-2009,16,25,45
29-Jun-2009,15,44,44
29-Jun-2009,16,28,47
29-Jun-2009,12,60,58
29-Jun-2009,19,49,49
19-Jul-2009,26,76,65
19-Jul-2009,40,46,42
19-Jul-2009,41,32,61
19-Jul-2009,30,29,57
19-Jul-2009,35,54,61
19-Jul-2009,51,66,35
19-Jul-2009,42,66,49
19-Jul-2009,11,66,41
19-Jul-2009,33,42,58
19-Jul-2009,41,41,42
19-Jul-2009,23,52,60
19-Jul-2009,35,33,63
19-Jul-2009,44,46,46
19-Jul-2009,44,38,50
19-Jul-2009,33,37,57
19-Jul-2009,23,53,53
19-Jul-2009,44,39,60
19-Jul-2009,33,47,46
19-Jul-2009,30,38,35
19-Jul-2009,22,44,65
19-Jul-2009,31,30,38
19-Jul-2009,40,76,39
19-Jul-2009,31,49,52
19-Jul-2009,43,46,42
19-Jul-2009,34,53,40
19-Jul-2009,27,53,65
19-Jul-2009,28,44,31
19-Jul-2009,30,43,40
19-Jul-2009,29,33,39
19-Jul-2009,32,47,41
19-Jul-2009,36,42,51
19-Jul-2009,29,70,52
19-Jul-2009,26,41,42
19-Jul-2009,24,51,49
19-Jul-2009,31,54,59
19-Jul-2009,23,54,43
19-Jul-2009,14,66,42
19-Jul-2009,44,31,50
19-Jul-2009,30,55,69
19-Jul-2009,44,34,71
19-Jul-2009,#N/A,54,71
19-Jul-2009,#N/A,39,60
19-Jul-2009,#N/A,45,64
19-Jul-2009,#N/A,38,52
19-Jul-2009,#N/A,56,47
19-Jul-2009,#N/A,43,47
19-Jul-2009,#N/A,50,56
19-Jul-2009,#N/A,66,53
19-Jul-2009,#N/A,43,68
19-Jul-2009,#N/A,58,50
19-Jul-2009,#N/A,52,56
19-Jul-2009,#N/A,49,65
19-Jul-2009,#N/A,64,49
19-Jul-2009,#N/A,50,57
19-Jul-2009,#N/A,50,63
19-Jul-2009,#N/A,46,54
19-Jul-2009,#N/A,58,61
19-Jul-2009,#N/A,34,74
19-Jul-2009,#N/A,49,49
19-Jul-2009,#N/A,39,49
19-Jul-2009,#N/A,44,45
19-Jul-2009,#N/A,41,40
19-Jul-2009,#N/A,57,43
19-Jul-2009,#N/A,48,66
19-Jul-2009,#N/A,36,51
19-Jul-2009,#N/A,44,65
19-Jul-2009,#N/A,38,66
19-Jul-2009,#N/A,60,48
19-Jul-2009,#N/A,73,41
19-Jul-2009,#N/A,57,56
19-Jul-2009,#N/A,44,49
19-Jul-2009,#N/A,51,55
19-Jul-2009,#N/A,71,66
19-Jul-2009,#N/A,43,62
19-Jul-2009,#N/A,63,72
19-Jul-2009,#N/A,45,72
19-Jul-2009,#N/A,47,72
19-Jul-2009,#N/A,49,68
19-Jul-2009,#N/A,50,66
19-Jul-2009,#N/A,37,43
19-Jul-2009,#N/A,44,46
19-Jul-2009,#N/A,36,47
19-Jul-2009,#N/A,68,#N/A
19-Jul-2009,#N/A,65,#N/A
11-Aug-2009,41,53,54
11-Aug-2009,55,66,55
11-Aug-2009,51,68,56
11-Aug-2009,47,59,71
11-Aug-2009,39,55,69
11-Aug-2009,51,52,63
11-Aug-2009,46,57,54
11-Aug-2009,58,51,52
11-Aug-2009,42,69,65
11-Aug-2009,47,46,71
11-Aug-2009,50,80,61
11-Aug-2009,55,51,53
11-Aug-2009,43,47,65
11-Aug-2009,48,50,46
11-Aug-2009,61,43,45
11-Aug-2009,43,62,67
11-Aug-2009,52,46,46
11-Aug-2009,57,69,47
11-Aug-2009,47,50,66
11-Aug-2009,50,64,67
11-Aug-2009,59,44,64
11-Aug-2009,46,90,79
11-Aug-2009,39,65,71
11-Aug-2009,50,66,48
11-Aug-2009,44,47,54
11-Aug-2009,63,49,52
11-Aug-2009,50,49,64
11-Aug-2009,57,77,54
11-Aug-2009,56,73,49
11-Aug-2009,55,68,55
11-Aug-2009,44,50,61
11-Aug-2009,56,51,72
11-Aug-2009,36,50,68
11-Aug-2009,50,67,75
11-Aug-2009,41,54,68
11-Aug-2009,41,57,80
11-Aug-2009,52,45,82
11-Aug-2009,52,57,65
11-Aug-2009,53,54,75
11-Aug-2009,58,49,80
11-Aug-2009,53,45,51
11-Aug-2009,54,64,46
11-Aug-2009,44,57,49
11-Aug-2009,35,77,66
11-Aug-2009,32,56,48
11-Aug-2009,53,49,61
11-Aug-2009,56,53,70
11-Aug-2009,49,88,55
11-Aug-2009,51,69,68
11-Aug-2009,45,51,63
11-Aug-2009,38,54,43
11-Aug-2009,44,52,47
11-Aug-2009,50,42,61
11-Aug-2009,30,70,46
11-Aug-2009,39,65,59
11-Aug-2009,44,56,70
11-Aug-2009,43,40,69
11-Aug-2009,47,61,57
11-Aug-2009,50,46,47
11-Aug-2009,43,58,70
11-Aug-2009,39,44,55
11-Aug-2009,45,64,67
11-Aug-2009,48,59,78
11-Aug-2009,56,64,53
11-Aug-2009,38,53,47
11-Aug-2009,42,54,68
11-Aug-2009,48,73,63
11-Aug-2009,48,55,72
11-Aug-2009,43,75,54
11-Aug-2009,38,57,65
11-Aug-2009,42,45,73
11-Aug-2009,52,54,72
11-Aug-2009,48,44,59
11-Aug-2009,60,48,54
11-Aug-2009,52,52,62
11-Aug-2009,54,62,79
17-Aug-2009,43,60,71
17-Aug-2009,39,58,58
17-Aug-2009,44,66,48
17-Aug-2009,62,76,65
17-Aug-2009,48,59,49
17-Aug-2009,42,61,58
17-Aug-2009,47,49,60
17-Aug-2009,53,54,55
17-Aug-2009,38,78,47
17-Aug-2009,39,44,46
17-Aug-2009,29,70,68
17-Aug-2009,47,70,48
17-Aug-2009,45,54,58
17-Aug-2009,41,56,65
17-Aug-2009,45,65,60
17-Aug-2009,46,48,48
17-Aug-2009,42,70,45
17-Aug-2009,48,49,45
17-Aug-2009,63,65,54
17-Aug-2009,39,65,67
17-Aug-2009,39,60,66
17-Aug-2009,42,55,56
17-Aug-2009,42,80,58
17-Aug-2009,42,78,45
17-Aug-2009,55,64,42
17-Aug-2009,44,55,57
17-Aug-2009,52,47,53
17-Aug-2009,62,68,51
17-Aug-2009,57,45,75
17-Aug-2009,56,63,67
17-Aug-2009,38,72,66
17-Aug-2009,57,48,70
17-Aug-2009,40,54,80
17-Aug-2009,61,72,61
17-Aug-2009,50,57,71
17-Aug-2009,65,73,50
17-Aug-2009,55,55,60
17-Aug-2009,60,52,61
17-Aug-2009,55,55,70
17-Aug-2009,44,51,60
17-Aug-2009,40,53,75
17-Aug-2009,47,55,65
17-Aug-2009,37,66,70
17-Aug-2009,38,47,60
17-Aug-2009,47,51,49
17-Aug-2009,65,45,73
17-Aug-2009,45,58,61
17-Aug-2009,48,44,56
17-Aug-2009,53,65,74
17-Aug-2009,55,56,54
17-Aug-2009,57,63,54
17-Aug-2009,50,54,68
17-Aug-2009,43,70,60
17-Aug-2009,37,58,53
17-Aug-2009,38,72,51
17-Aug-2009,52,59,66
17-Aug-2009,50,61,55
17-Aug-2009,54,64,50
17-Aug-2009,36,84,71
17-Aug-2009,40,82,66
17-Aug-2009,58,51,55
17-Aug-2009,52,50,79
17-Aug-2009,47,42,62
17-Aug-2009,49,64,52
17-Aug-2009,45,65,53
17-Aug-2009,48,48,53
17-Aug-2009,61,73,48
17-Aug-2009,63,57,50
17-Aug-2009,52,60,69
17-Aug-2009,64,55,72
17-Aug-2009,42,59,69
17-Aug-2009,40,44,67
17-Aug-2009,40,51,77
17-Aug-2009,40,45,65
17-Aug-2009,40,57,69
17-Aug-2009,50,69,62
27-Aug-2009,52,78,70
27-Aug-2009,73,59,60
27-Aug-2009,54,80,72
27-Aug-2009,58,62,73
27-Aug-2009,63,72,69
27-Aug-2009,42,64,67
27-Aug-2009,62,77,72
27-Aug-2009,54,59,74
27-Aug-2009,56,72,70
27-Aug-2009,56,90,62
27-Aug-2009,55,59,45
27-Aug-2009,67,67,74
27-Aug-2009,64,60,69
27-Aug-2009,59,71,66
27-Aug-2009,52,53,46
27-Aug-2009,49,66,58
27-Aug-2009,67,94,53
27-Aug-2009,59,55,70
27-Aug-2009,70,86,63
27-Aug-2009,51,72,64
27-Aug-2009,41,64,66
27-Aug-2009,43,79,70
27-Aug-2009,64,50,60
27-Aug-2009,54,72,58
27-Aug-2009,61,65,65
27-Aug-2009,59,54,58
27-Aug-2009,64,75,49
27-Aug-2009,65,65,60
27-Aug-2009,59,64,65
27-Aug-2009,50,66,73
27-Aug-2009,52,91,61
27-Aug-2009,67,54,66
27-Aug-2009,61,59,74
27-Aug-2009,61,76,76
27-Aug-2009,50,59,76
27-Aug-2009,49,67,68
27-Aug-2009,56,51,75
27-Aug-2009,57,63,62
27-Aug-2009,57,60,66
27-Aug-2009,74,57,68
27-Aug-2009,52,53,74
27-Aug-2009,68,73,76
27-Aug-2009,50,66,78
27-Aug-2009,43,78,70
27-Aug-2009,53,57,73
27-Aug-2009,54,69,78
27-Aug-2009,60,66,67
27-Aug-2009,52,91,65
27-Aug-2009,59,80,75
27-Aug-2009,54,67,64
27-Aug-2009,48,65,73
27-Aug-2009,55,62,74
27-Aug-2009,62,52,73
27-Aug-2009,46,79,65
27-Aug-2009,50,66,60
27-Aug-2009,52,60,60
27-Aug-2009,56,60,76
27-Aug-2009,57,71,69
27-Aug-2009,61,50,62
27-Aug-2009,48,64,75
27-Aug-2009,48,64,65
27-Aug-2009,58,75,65
27-Aug-2009,61,70,75
27-Aug-2009,70,78,54
27-Aug-2009,50,59,70
27-Aug-2009,56,56,61
27-Aug-2009,52,74,72
27-Aug-2009,52,65,95
27-Aug-2009,47,76,80
27-Aug-2009,50,63,75
27-Aug-2009,49,59,81
27-Aug-2009,65,65,80
27-Aug-2009,61,55,55
27-Aug-2009,72,62,63
27-Aug-2009,68,58,63
27-Aug-2009,70,78,#N/A
20-Jun-2010,13,24,20
20-Jun-2010,9,23,21
20-Jun-2010,16,19,23
20-Jun-2010,14,18,23
20-Jun-2010,10,20,30
20-Jun-2010,12,33,21
20-Jun-2010,11,30,23
20-Jun-2010,14,22,23
20-Jun-2010,10,23,17
20-Jun-2010,12,16,20
20-Jun-2010,14,22,19
20-Jun-2010,16,14,23
20-Jun-2010,12,20,22
20-Jun-2010,14,25,20
20-Jun-2010,21,20,27
20-Jun-2010,19,16,31
20-Jun-2010,11,20,23
20-Jun-2010,17,18,24
20-Jun-2010,9,19,30
20-Jun-2010,15,19,19
20-Jun-2010,16,34,22
20-Jun-2010,13,27,26
20-Jun-2010,14,21,27
20-Jun-2010,15,19,29
20-Jun-2010,14,34,23
20-Jun-2010,10,31,32
20-Jun-2010,14,21,23
20-Jun-2010,17,20,20
20-Jun-2010,22,29,23
20-Jun-2010,10,30,31
20-Jun-2010,13,26,24
20-Jun-2010,13,32,28
20-Jun-2010,13,23,33
20-Jun-2010,12,31,30
20-Jun-2010,12,20,30
20-Jun-2010,13,25,26
20-Jun-2010,13,21,24
20-Jun-2010,17,25,25
20-Jun-2010,16,22,29
20-Jun-2010,19,23,22
20-Jun-2010,16,21,37
20-Jun-2010,16,19,27
20-Jun-2010,14,19,46
20-Jun-2010,14,23,27
20-Jun-2010,11,25,20
20-Jun-2010,15,20,41
20-Jun-2010,14,23,38
20-Jun-2010,21,20,21
20-Jun-2010,16,20,26
20-Jun-2010,15,18,19
20-Jun-2010,13,17,26
20-Jun-2010,15,17,40
20-Jun-2010,15,21,25
20-Jun-2010,14,24,29
20-Jun-2010,11,26,32
20-Jun-2010,15,22,22
20-Jun-2010,14,16,23
20-Jun-2010,13,26,30
20-Jun-2010,15,34,28
20-Jun-2010,14,37,26
20-Jun-2010,17,20,20
20-Jun-2010,17,24,26
20-Jun-2010,20,23,23
20-Jun-2010,15,23,27
20-Jun-2010,14,22,24
20-Jun-2010,19,30,20
20-Jun-2010,17,28,27
20-Jun-2010,14,16,25
20-Jun-2010,13,20,30
20-Jun-2010,11,21,36
20-Jun-2010,15,18,35
20-Jun-2010,12,21,32
20-Jun-2010,13,20,30
20-Jun-2010,16,21,26
20-Jun-2010,15,34,43
20-Jun-2010,25,21,32
30-Jul-2010,44,58,57
30-Jul-2010,57,66,46
30-Jul-2010,28,59,37
30-Jul-2010,42,34,42
30-Jul-2010,29,50,53
30-Jul-2010,55,51,15
30-Jul-2010,50,60,58
30-Jul-2010,35,31,48
30-Jul-2010,36,37,55
30-Jul-2010,34,33,66
30-Jul-2010,60,54,53
30-Jul-2010,40,36,55
30-Jul-2010,51,32,45
30-Jul-2010,35,55,37
30-Jul-2010,31,56,33
30-Jul-2010,45,36,54
30-Jul-2010,49,61,61
30-Jul-2010,31,64,63
30-Jul-2010,38,62,45
30-Jul-2010,34,54,52
30-Jul-2010,36,62,58
30-Jul-2010,49,68,49
30-Jul-2010,54,45,28
30-Jul-2010,64,50,56
30-Jul-2010,48,53,60
30-Jul-2010,52,68,59
30-Jul-2010,50,45,42
30-Jul-2010,63,22,53
30-Jul-2010,54,52,69
30-Jul-2010,39,37,51
30-Jul-2010,55,71,61
30-Jul-2010,31,55,51
30-Jul-2010,48,42,42
30-Jul-2010,62,59,42
30-Jul-2010,55,53,43
30-Jul-2010,58,53,47
30-Jul-2010,61,51,56
30-Jul-2010,41,52,72
30-Jul-2010,50,34,52
30-Jul-2010,31,43,75
30-Jul-2010,41,39,74
30-Jul-2010,37,59,62
30-Jul-2010,55,67,67
30-Jul-2010,37,66,42
30-Jul-2010,46,47,57
30-Jul-2010,41,56,37
30-Jul-2010,47,55,34
30-Jul-2010,38,79,64
30-Jul-2010,41,69,65
30-Jul-2010,46,35,53
30-Jul-2010,48,42,72
30-Jul-2010,45,34,52
30-Jul-2010,38,35,45
30-Jul-2010,40,54,52
30-Jul-2010,38,31,60
30-Jul-2010,35,48,45
30-Jul-2010,50,43,72
30-Jul-2010,31,47,64
30-Jul-2010,52,41,45
30-Jul-2010,52,45,66
30-Jul-2010,51,36,42
30-Jul-2010,40,52,43
30-Jul-2010,44,42,73
30-Jul-2010,35,41,32
30-Jul-2010,34,63,57
30-Jul-2010,46,47,54
30-Jul-2010,66,68,52
30-Jul-2010,52,55,70
30-Jul-2010,58,72,50
30-Jul-2010,57,51,47
30-Jul-2010,51,42,38
30-Jul-2010,46,49,60
30-Jul-2010,36,50,54
30-Jul-2010,32,47,51
30-Jul-2010,48,41,64
30-Jul-2010,48,50,68
25-Aug-2010,64,70,54
25-Aug-2010,53,81,51
25-Aug-2010,51,64,71
25-Aug-2010,57,88,71
25-Aug-2010,57,65,70
25-Aug-2010,73,74,84
25-Aug-2010,60,56,64
25-Aug-2010,52,46,67
25-Aug-2010,52,52,53
25-Aug-2010,45,44,52
25-Aug-2010,56,60,58
25-Aug-2010,66,71,80
25-Aug-2010,61,65,49
25-Aug-2010,60,51,58
25-Aug-2010,55,73,81
25-Aug-2010,46,47,67
25-Aug-2010,47,64,71
25-Aug-2010,56,58,57
25-Aug-2010,42,53,74
25-Aug-2010,61,72,69
25-Aug-2010,60,58,65
25-Aug-2010,54,53,80
25-Aug-2010,40,65,75
25-Aug-2010,49,72,55
25-Aug-2010,48,70,53
25-Aug-2010,71,66,82
25-Aug-2010,56,48,71
25-Aug-2010,48,53,55
25-Aug-2010,42,54,77
25-Aug-2010,44,54,55
25-Aug-2010,43,59,78
25-Aug-2010,58,57,73
25-Aug-2010,52,60,80
25-Aug-2010,57,67,61
25-Aug-2010,47,63,78
25-Aug-2010,53,72,67
25-Aug-2010,60,60,64
25-Aug-2010,59,50,62
25-Aug-2010,66,61,75
25-Aug-2010,67,60,71
25-Aug-2010,54,55,83
25-Aug-2010,74,57,58
25-Aug-2010,49,61,78
25-Aug-2010,45,73,65
25-Aug-2010,55,71,78
25-Aug-2010,57,57,82
25-Aug-2010,49,64,68
25-Aug-2010,49,57,59
25-Aug-2010,59,67,76
25-Aug-2010,58,47,73
25-Aug-2010,58,71,49
25-Aug-2010,57,52,77
25-Aug-2010,45,53,60
25-Aug-2010,46,52,60
25-Aug-2010,52,74,58
25-Aug-2010,55,42,48
25-Aug-2010,53,62,59
25-Aug-2010,51,76,52
25-Aug-2010,63,85,78
25-Aug-2010,50,90,63
25-Aug-2010,51,54,55
25-Aug-2010,65,59,81
25-Aug-2010,62,52,76
25-Aug-2010,55,65,65
25-Aug-2010,50,60,60
25-Aug-2010,57,75,66
25-Aug-2010,72,78,71
25-Aug-2010,71,47,73
25-Aug-2010,59,55,87
25-Aug-2010,67,53,92
25-Aug-2010,53,62,82
25-Aug-2010,58,64,73
25-Aug-2010,54,60,81
25-Aug-2010,52,64,55
25-Aug-2010,50,77,56
25-Aug-2010,63,51,64
03-Jun-2011,5,10,9
03-Jun-2011,5,8,10
03-Jun-2011,6,9,8
03-Jun-2011,3,7,9
03-Jun-2011,6,8,7
03-Jun-2011,14,7,15
03-Jun-2011,10,8,7
03-Jun-2011,13,10,8
03-Jun-2011,11,6,14
03-Jun-2011,7,9,10
03-Jun-2011,7,7,11
03-Jun-2011,9,10,6
03-Jun-2011,14,9,5
03-Jun-2011,14,12,9
03-Jun-2011,9,9,5
03-Jun-2011,3,8,9
03-Jun-2011,11,9,20
03-Jun-2011,9,7,14
03-Jun-2011,12,9,13
03-Jun-2011,11,10,8
03-Jun-2011,7,10,15
03-Jun-2011,12,11,8
03-Jun-2011,4,10,10
03-Jun-2011,5,13,5
03-Jun-2011,11,9,7
03-Jun-2011,12,7,6
03-Jun-2011,11,7,9
03-Jun-2011,10,5,15
03-Jun-2011,5,5,7
03-Jun-2011,8,6,14
03-Jun-2011,8,7,9
03-Jun-2011,14,3,6
03-Jun-2011,3,6,9
03-Jun-2011,7,3,6
03-Jun-2011,6,4,6
03-Jun-2011,5,7,5
03-Jun-2011,7,9,6
03-Jun-2011,7,7,10
03-Jun-2011,2,3,8
03-Jun-2011,4,10,7
03-Jun-2011,2,11,6
03-Jun-2011,3,6,5
03-Jun-2011,5,9,8
03-Jun-2011,7,8,5
03-Jun-2011,7,2,9
03-Jun-2011,6,3,5
03-Jun-2011,5,4,3
03-Jun-2011,5,5,5
03-Jun-2011,2,6,6
03-Jun-2011,11,8,6
03-Jun-2011,8,2,7
03-Jun-2011,3,5,5
03-Jun-2011,6,10,6
03-Jun-2011,7,7,6
03-Jun-2011,7,3,8
03-Jun-2011,6,3,5
03-Jun-2011,5,3,6
03-Jun-2011,8,6,7
03-Jun-2011,6,10,6
03-Jun-2011,4,7,6
03-Jun-2011,4,8,5
03-Jun-2011,5,7,5
03-Jun-2011,7,7,4
03-Jun-2011,5,10,6
03-Jun-2011,3,7,4
03-Jun-2011,3,13,4
03-Jun-2011,6,10,7
03-Jun-2011,6,5,3
03-Jun-2011,5,7,3
03-Jun-2011,8,2,11
03-Jun-2011,7,7,8
03-Jun-2011,6,3,7
03-Jun-2011,3,9,8
03-Jun-2011,8,13,7
03-Jun-2011,4,6,7
03-Jun-2011,9,6,7
19-Jun-2011,13,21,11
19-Jun-2011,15,18,12
19-Jun-2011,15,17,21
19-Jun-2011,17,13,16
19-Jun-2011,10,16,17
19-Jun-2011,16,14,14
19-Jun-2011,11,18,27
19-Jun-2011,9,15,30
19-Jun-2011,14,17,20
19-Jun-2011,12,15,27
19-Jun-2011,12,21,22
19-Jun-2011,16,17,15
19-Jun-2011,14,13,16
19-Jun-2011,16,15,27
19-Jun-2011,13,18,18
19-Jun-2011,13,12,21
19-Jun-2011,15,19,15
19-Jun-2011,18,21,21
19-Jun-2011,13,20,26
19-Jun-2011,10,11,31
19-Jun-2011,13,12,44
19-Jun-2011,18,18,27
19-Jun-2011,15,14,20
19-Jun-2011,13,22,16
19-Jun-2011,8,22,18
19-Jun-2011,13,18,20
19-Jun-2011,11,17,16
19-Jun-2011,11,23,18
19-Jun-2011,22,19,17
19-Jun-2011,11,18,17
19-Jun-2011,12,17,13
19-Jun-2011,14,19,24
19-Jun-2011,17,17,34
19-Jun-2011,11,14,15
19-Jun-2011,15,19,17
19-Jun-2011,12,15,18
19-Jun-2011,15,17,23
19-Jun-2011,15,25,25
19-Jun-2011,19,19,18
19-Jun-2011,15,18,12
19-Jun-2011,12,22,28
19-Jun-2011,20,24,30
19-Jun-2011,12,15,24
19-Jun-2011,20,25,17
19-Jun-2011,7,19,40
19-Jun-2011,18,13,14
19-Jun-2011,17,11,25
19-Jun-2011,16,20,20
19-Jun-2011,18,16,17
19-Jun-2011,12,11,19
19-Jun-2011,22,12,30
19-Jun-2011,15,12,17
19-Jun-2011,10,13,17
19-Jun-2011,10,19,21
19-Jun-2011,13,12,21
19-Jun-2011,9,16,22
19-Jun-2011,12,14,10
19-Jun-2011,12,22,12
19-Jun-2011,18,16,24
19-Jun-2011,13,25,16
19-Jun-2011,14,14,15
19-Jun-2011,9,14,20
19-Jun-2011,14,18,18
19-Jun-2011,10,20,13
19-Jun-2011,10,21,30
19-Jun-2011,10,31,17
19-Jun-2011,14,22,23
19-Jun-2011,19,18,19
19-Jun-2011,14,24,27
19-Jun-2011,19,19,38
19-Jun-2011,17,16,30
19-Jun-2011,14,15,25
19-Jun-2011,13,14,25
19-Jun-2011,10,17,22
19-Jun-2011,14,27,20
19-Jun-2011,17,18,15
05-Jul-2011,16,35,27
05-Jul-2011,21,26,34
05-Jul-2011,18,29,45
05-Jul-2011,21,34,40
05-Jul-2011,22,36,27
05-Jul-2011,26,28,30
05-Jul-2011,21,24,42
05-Jul-2011,18,32,52
05-Jul-2011,20,28,27
05-Jul-2011,21,20,26
05-Jul-2011,20,26,26
05-Jul-2011,18,22,47
05-Jul-2011,22,24,35
05-Jul-2011,25,23,25
05-Jul-2011,22,20,22
05-Jul-2011,21,24,43
05-Jul-2011,18,33,25
05-Jul-2011,17,32,37
05-Jul-2011,17,35,34
05-Jul-2011,20,45,65
05-Jul-2011,22,38,27
05-Jul-2011,15,30,40
05-Jul-2011,17,27,25
05-Jul-2011,21,36,46
05-Jul-2011,20,34,22
05-Jul-2011,19,31,23
05-Jul-2011,16,29,28
05-Jul-2011,17,12,30
05-Jul-2011,18,20,26
05-Jul-2011,19,20,55
05-Jul-2011,18,17,44
05-Jul-2011,20,25,39
05-Jul-2011,17,22,54
05-Jul-2011,22,29,25
05-Jul-2011,19,24,22
05-Jul-2011,19,17,24
05-Jul-2011,18,22,49
05-Jul-2011,19,19,50
05-Jul-2011,18,25,27
05-Jul-2011,20,29,34
05-Jul-2011,20,24,52
05-Jul-2011,24,25,44
05-Jul-2011,22,49,53
05-Jul-2011,22,32,38
05-Jul-2011,18,26,35
05-Jul-2011,26,19,56
05-Jul-2011,19,23,20
05-Jul-2011,20,22,27
05-Jul-2011,22,25,54
05-Jul-2011,21,13,26
05-Jul-2011,24,17,36
05-Jul-2011,22,19,58
05-Jul-2011,18,60,28
05-Jul-2011,27,22,23
05-Jul-2011,21,30,29
05-Jul-2011,18,17,30
05-Jul-2011,21,15,39
05-Jul-2011,26,26,26
05-Jul-2011,23,33,46
05-Jul-2011,24,28,40
05-Jul-2011,22,25,32
05-Jul-2011,24,23,49
05-Jul-2011,22,24,29
05-Jul-2011,29,33,33
05-Jul-2011,21,60,31
05-Jul-2011,25,32,43
05-Jul-2011,20,60,39
05-Jul-2011,22,23,39
05-Jul-2011,27,17,44
05-Jul-2011,20,20,48
05-Jul-2011,26,25,57
05-Jul-2011,22,24,37
05-Jul-2011,20,27,38
05-Jul-2011,24,24,33
05-Jul-2011,19,26,25
05-Jul-2011,22,28,32
18-Jul-2011,39,77,43
18-Jul-2011,32,45,35
18-Jul-2011,34,36,28
18-Jul-2011,26,42,30
18-Jul-2011,30,41,48
18-Jul-2011,30,30,58
18-Jul-2011,29,29,47
18-Jul-2011,31,24,42
18-Jul-2011,26,38,40
18-Jul-2011,32,50,50
18-Jul-2011,28,42,55
18-Jul-2011,34,38,53
18-Jul-2011,47,28,48
18-Jul-2011,35,30,48
18-Jul-2011,31,28,42
18-Jul-2011,24,61,53
18-Jul-2011,25,51,42
18-Jul-2011,26,62,51
18-Jul-2011,43,62,51
18-Jul-2011,34,40,43
18-Jul-2011,44,41,64
18-Jul-2011,33,39,53
18-Jul-2011,23,37,47
18-Jul-2011,27,30,50
18-Jul-2011,30,55,58
18-Jul-2011,18,37,32
18-Jul-2011,27,35,47
18-Jul-2011,44,69,31
18-Jul-2011,29,30,30
18-Jul-2011,30,27,33
18-Jul-2011,28,54,27
18-Jul-2011,24,34,54
18-Jul-2011,24,26,42
18-Jul-2011,31,46,33
18-Jul-2011,28,26,33
18-Jul-2011,27,36,36
18-Jul-2011,29,35,57
18-Jul-2011,29,31,32
18-Jul-2011,34,37,63
18-Jul-2011,29,32,51
18-Jul-2011,28,28,60
18-Jul-2011,45,34,44
18-Jul-2011,36,42,62
18-Jul-2011,35,32,57
18-Jul-2011,21,34,54
18-Jul-2011,36,28,64
18-Jul-2011,34,28,33
18-Jul-2011,39,34,33
18-Jul-2011,30,34,56
18-Jul-2011,37,32,44
18-Jul-2011,36,30,50
18-Jul-2011,35,27,65
18-Jul-2011,21,38,38
18-Jul-2011,23,30,48
18-Jul-2011,27,52,38
18-Jul-2011,26,29,52
18-Jul-2011,29,28,36
18-Jul-2011,35,41,32
18-Jul-2011,39,52,68
18-Jul-2011,34,66,61
18-Jul-2011,29,31,55
18-Jul-2011,36,28,65
18-Jul-2011,29,29,50
18-Jul-2011,42,34,37
18-Jul-2011,24,43,40
18-Jul-2011,30,60,59
18-Jul-2011,31,45,55
18-Jul-2011,41,29,58
18-Jul-2011,32,38,70
18-Jul-2011,37,38,71
18-Jul-2011,31,42,70
18-Jul-2011,24,46,68
18-Jul-2011,35,31,70
18-Jul-2011,29,45,44
18-Jul-2011,26,50,39
18-Jul-2011,34,35,42
01-Aug-2011,35,46,47
01-Aug-2011,42,58,60
01-Aug-2011,34,58,62
01-Aug-2011,34,54,64
01-Aug-2011,37,39,70
01-Aug-2011,40,60,71
01-Aug-2011,31,35,79
01-Aug-2011,38,50,45
01-Aug-2011,38,46,68
01-Aug-2011,67,44,78
01-Aug-2011,52,41,71
01-Aug-2011,34,52,68
01-Aug-2011,35,59,62
01-Aug-2011,33,60,58
01-Aug-2011,34,49,79
01-Aug-2011,34,43,68
01-Aug-2011,51,68,45
01-Aug-2011,55,69,59
01-Aug-2011,27,42,40
01-Aug-2011,30,70,57
01-Aug-2011,59,69,58
01-Aug-2011,34,38,60
01-Aug-2011,63,45,54
01-Aug-2011,35,55,68
01-Aug-2011,46,52,77
01-Aug-2011,61,48,65
01-Aug-2011,39,75,50
01-Aug-2011,46,58,68
01-Aug-2011,42,53,49
01-Aug-2011,39,65,68
01-Aug-2011,53,44,88
01-Aug-2011,28,41,56
01-Aug-2011,36,45,74
01-Aug-2011,50,64,67
01-Aug-2011,41,49,81
01-Aug-2011,44,47,67
01-Aug-2011,44,37,76
01-Aug-2011,49,59,61
01-Aug-2011,54,52,56
01-Aug-2011,34,51,69
01-Aug-2011,53,46,72
01-Aug-2011,63,52,50
01-Aug-2011,43,58,73
01-Aug-2011,43,54,62
01-Aug-2011,49,44,57
01-Aug-2011,49,41,66
01-Aug-2011,45,42,67
01-Aug-2011,38,43,64
01-Aug-2011,48,52,65
01-Aug-2011,47,77,46
01-Aug-2011,54,59,68
01-Aug-2011,48,37,71
01-Aug-2011,34,53,59
01-Aug-2011,41,69,67
01-Aug-2011,38,46,53
01-Aug-2011,44,61,57
01-Aug-2011,41,47,58
01-Aug-2011,60,48,73
01-Aug-2011,56,39,65
01-Aug-2011,55,48,59
01-Aug-2011,60,35,79
01-Aug-2011,55,54,48
01-Aug-2011,54,51,57
01-Aug-2011,51,59,68
01-Aug-2011,38,39,54
01-Aug-2011,48,54,51
01-Aug-2011,49,51,49
01-Aug-2011,54,41,54
01-Aug-2011,51,53,69
01-Aug-2011,34,52,78
01-Aug-2011,36,48,77
01-Aug-2011,47,51,72
01-Aug-2011,39,53,61
01-Aug-2011,53,51,72
01-Aug-2011,41,57,67
01-Aug-2011,60,45,65
11-Aug-2011,68,50,59
11-Aug-2011,62,85,47
11-Aug-2011,63,87,70
11-Aug-2011,47,77,61
11-Aug-2011,53,75,84
11-Aug-2011,54,83,66
11-Aug-2011,37,70,71
11-Aug-2011,49,61,58
11-Aug-2011,40,48,66
11-Aug-2011,43,58,75
11-Aug-2011,44,52,65
11-Aug-2011,41,42,50
11-Aug-2011,39,56,62
11-Aug-2011,52,60,66
11-Aug-2011,63,48,62
11-Aug-2011,57,39,65
11-Aug-2011,50,85,57
11-Aug-2011,43,66,48
11-Aug-2011,54,50,50
11-Aug-2011,50,66,53
11-Aug-2011,42,64,56
11-Aug-2011,38,50,44
11-Aug-2011,44,49,45
11-Aug-2011,42,53,46
11-Aug-2011,65,79,73
11-Aug-2011,44,60,83
11-Aug-2011,46,55,55
11-Aug-2011,44,84,59
11-Aug-2011,44,67,55
11-Aug-2011,45,50,58
11-Aug-2011,50,35,53
11-Aug-2011,43,42,52
11-Aug-2011,39,48,80
11-Aug-2011,55,74,70
11-Aug-2011,44,46,76
11-Aug-2011,48,55,63
11-Aug-2011,52,52,74
11-Aug-2011,53,57,57
11-Aug-2011,58,45,59
11-Aug-2011,44,52,53
11-Aug-2011,59,42,65
11-Aug-2011,62,67,46
11-Aug-2011,42,70,63
11-Aug-2011,40,67,51
11-Aug-2011,33,52,59
11-Aug-2011,59,47,73
11-Aug-2011,43,71,67
11-Aug-2011,50,78,64
11-Aug-2011,50,74,68
11-Aug-2011,51,49,54
11-Aug-2011,59,45,65
11-Aug-2011,60,45,81
11-Aug-2011,35,52,73
11-Aug-2011,36,57,60
11-Aug-2011,46,50,54
11-Aug-2011,50,54,55
11-Aug-2011,47,50,67
11-Aug-2011,58,54,76
11-Aug-2011,62,42,61
11-Aug-2011,49,58,71
11-Aug-2011,36,51,73
11-Aug-2011,60,52,52
11-Aug-2011,56,54,54
11-Aug-2011,55,53,55
11-Aug-2011,36,68,51
11-Aug-2011,56,62,57
11-Aug-2011,55,51,54
11-Aug-2011,64,51,61
11-Aug-2011,57,61,75
11-Aug-2011,41,51,74
11-Aug-2011,44,48,70
11-Aug-2011,52,36,86
11-Aug-2011,41,62,52
11-Aug-2011,48,47,77
11-Aug-2011,41,71,64
11-Aug-2011,56,52,73
13-Jun-2012,11,11,13
13-Jun-2012,10.5,12,17.5
13-Jun-2012,11,16,26
13-Jun-2012,12,13,16
13-Jun-2012,8,13,15.5
13-Jun-2012,7,18,21
13-Jun-2012,7,12,16.5
13-Jun-2012,9.5,18,24
13-Jun-2012,12,12,16
13-Jun-2012,7,17.5,14
13-Jun-2012,13,17,13
13-Jun-2012,11,11,19
13-Jun-2012,6,10.5,16
13-Jun-2012,8.5,13,17.5
13-Jun-2012,13,11.5,17.5
13-Jun-2012,11.5,14,16.5
13-Jun-2012,11,13,15
13-Jun-2012,7,12,13.5
13-Jun-2012,9.5,20,18
13-Jun-2012,11,8,14
13-Jun-2012,11,15.5,18.5
13-Jun-2012,7,12,14.5
13-Jun-2012,7,13,17
13-Jun-2012,10,11,16
13-Jun-2012,10.5,14,11
13-Jun-2012,13,16.5,15.5
13-Jun-2012,8.5,12,11
13-Jun-2012,10,18,13
13-Jun-2012,13.5,16.5,20
13-Jun-2012,6,13,18.5
13-Jun-2012,17,13,20
13-Jun-2012,7.5,18,21
13-Jun-2012,9,14.5,18
13-Jun-2012,11,18.5,21
13-Jun-2012,14,13,18.5
13-Jun-2012,14,15.5,21
13-Jun-2012,14.5,11,19
13-Jun-2012,9.5,23,13
13-Jun-2012,13,10,25
13-Jun-2012,15,13,17.5
13-Jun-2012,11.5,27,17
13-Jun-2012,7,15,25
13-Jun-2012,10.5,13,17.5
13-Jun-2012,13.5,11.5,18
13-Jun-2012,10,16,24
13-Jun-2012,16.5,13,23.5
13-Jun-2012,11,12,17
13-Jun-2012,8,13.5,20
13-Jun-2012,12,15.5,19.5
13-Jun-2012,9,23.5,26
13-Jun-2012,13.5,14,18
13-Jun-2012,12,12,16
13-Jun-2012,10,18,16
13-Jun-2012,14,16.5,21
13-Jun-2012,8,14,16.5
13-Jun-2012,9,14,16.5
13-Jun-2012,16,23.5,16.5
13-Jun-2012,11,15.5,18
13-Jun-2012,11,20,17.5
13-Jun-2012,9,12,17
13-Jun-2012,7.5,15.5,17
13-Jun-2012,13,11,16
13-Jun-2012,9,22,16.5
13-Jun-2012,11,16,23
13-Jun-2012,13,12,19.5
13-Jun-2012,12,11,17
13-Jun-2012,10,19,21
13-Jun-2012,11,13,14
13-Jun-2012,10,12,16
13-Jun-2012,5,10,34
13-Jun-2012,8,12,19
13-Jun-2012,13,11,21
13-Jun-2012,13,19,17
13-Jun-2012,18,18,20
13-Jun-2012,11,14,18
13-Jun-2012,10.5,17.5,22
13-Jun-2012,12,19.5,17
13-Jun-2012,12,9,18.5
13-Jun-2012,16,16,20
13-Jun-2012,10.5,11.5,28
13-Jun-2012,8,16.5,15
13-Jun-2012,12,12,16.5
13-Jun-2012,9.5,21,15
13-Jun-2012,7,12,23
26-Jun-2012,20.5,21,34
26-Jun-2012,17,21.5,34
26-Jun-2012,14.5,20,26.5
26-Jun-2012,17.5,22.5,26.5
26-Jun-2012,20,19.5,27.5
26-Jun-2012,14,29.5,26.5
26-Jun-2012,15,21.5,28
26-Jun-2012,12.5,18,36
26-Jun-2012,8.5,25.5,23.5
26-Jun-2012,15.5,30.5,25.5
26-Jun-2012,15.5,21,20
26-Jun-2012,21,17,21
26-Jun-2012,23,28,18.5
26-Jun-2012,18.5,19,23.5
26-Jun-2012,20.5,22,30
26-Jun-2012,19,24.5,42
26-Jun-2012,13,27.5,28.5
26-Jun-2012,21,18.5,24
26-Jun-2012,17,26.5,30
26-Jun-2012,16.5,23,36
26-Jun-2012,18.5,25.5,26
26-Jun-2012,16,19,28
26-Jun-2012,14.5,22,25
26-Jun-2012,17,24,25
26-Jun-2012,17,20.5,25.5
26-Jun-2012,10.5,24.5,23
26-Jun-2012,15.5,22.5,27
26-Jun-2012,13,26,23.5
26-Jun-2012,13.5,23,26
26-Jun-2012,15,27,19.5
26-Jun-2012,21.5,28,23
26-Jun-2012,16.5,25,28.5
26-Jun-2012,18.5,31.5,31
26-Jun-2012,19,20.5,23
26-Jun-2012,16.5,27,23.5
26-Jun-2012,19,22,22.5
26-Jun-2012,18.5,17,21.5
26-Jun-2012,11,17,23.5
26-Jun-2012,15.5,27.5,38.5
26-Jun-2012,17,14.5,36.5
26-Jun-2012,14,20.5,26.5
26-Jun-2012,15,19.5,24.5
26-Jun-2012,15.5,20.5,20
26-Jun-2012,16.5,25.5,26.5
26-Jun-2012,20.5,19,26.5
26-Jun-2012,20,22.5,42.5
26-Jun-2012,19.5,19,24
26-Jun-2012,21,18.5,37
26-Jun-2012,17,22.5,49
26-Jun-2012,23,19,39.5
26-Jun-2012,17,19.5,41
26-Jun-2012,18,27,26
26-Jun-2012,19.5,20.5,26
26-Jun-2012,22,21.5,40
26-Jun-2012,21.5,15.5,24.5
26-Jun-2012,23,25.5,25
26-Jun-2012,21,23,32.5
26-Jun-2012,19,22,26
26-Jun-2012,20,23,21.5
26-Jun-2012,16.5,23,41.5
26-Jun-2012,14.5,20,16
26-Jun-2012,21,29.5,28
26-Jun-2012,17,22,26.5
26-Jun-2012,22.5,26,30.5
26-Jun-2012,19,23,20.5
26-Jun-2012,21,25,19.5
26-Jun-2012,20,21.5,41
26-Jun-2012,18,39.5,39
26-Jun-2012,19,18,33.5
26-Jun-2012,22.5,27,47
26-Jun-2012,17,22.5,22.5
26-Jun-2012,22,19.5,25
26-Jun-2012,16.5,36,28.5
26-Jun-2012,22,25,26.5
26-Jun-2012,18,27,32.5
26-Jun-2012,18.5,24.5,24
26-Jun-2012,16.5,22,43
26-Jun-2012,18.5,23,42.5
26-Jun-2012,20.5,23.5,45
26-Jun-2012,24,22.5,54
26-Jun-2012,24,23,33
26-Jun-2012,21.5,22,23
26-Jun-2012,14,22,33.5
26-Jun-2012,17,34.5,50.5
13-Jul-2012,33,44,44
13-Jul-2012,14.5,29,52
13-Jul-2012,18,53,51
13-Jul-2012,23,29,40
13-Jul-2012,24,29,54
13-Jul-2012,19,25,55
13-Jul-2012,17,48,49
13-Jul-2012,22,47,30
13-Jul-2012,19,52,33
13-Jul-2012,14,25,42
13-Jul-2012,32,45,53
13-Jul-2012,19,26,30
13-Jul-2012,26,35,46
13-Jul-2012,14,45,56
13-Jul-2012,25,39,28
13-Jul-2012,21,40,43
13-Jul-2012,20,44,38
13-Jul-2012,26,49,49
13-Jul-2012,14,43,50
13-Jul-2012,40,41,30
13-Jul-2012,21,54,37
13-Jul-2012,36,45,39
13-Jul-2012,31,38,61
13-Jul-2012,38,28,46
13-Jul-2012,25,27,50
13-Jul-2012,29,30,40
13-Jul-2012,18,36,52
13-Jul-2012,22,42,60
13-Jul-2012,23,38,68
13-Jul-2012,20,43,52
13-Jul-2012,35,32,53
13-Jul-2012,20,34,35
13-Jul-2012,21,33,52
13-Jul-2012,19,40,51
13-Jul-2012,22,26,46
13-Jul-2012,21,59,59
13-Jul-2012,16,40,43
13-Jul-2012,28,27,47
13-Jul-2012,16,35,49
13-Jul-2012,21,32,28
13-Jul-2012,24,30,67
13-Jul-2012,21,44,40
13-Jul-2012,20,27,51
13-Jul-2012,24,28,45
13-Jul-2012,25,30,42
13-Jul-2012,21,26,37
13-Jul-2012,27,25,56
13-Jul-2012,30,29,44
13-Jul-2012,40,25,46
13-Jul-2012,42,43,57
13-Jul-2012,24,28,60
13-Jul-2012,20,34,38
13-Jul-2012,25,31,32
13-Jul-2012,25,30,54
13-Jul-2012,19,24,49
13-Jul-2012,26,25,43
13-Jul-2012,26,31,53
13-Jul-2012,23,22,37
13-Jul-2012,25,43,36
13-Jul-2012,26,42,63
13-Jul-2012,34,49,42
13-Jul-2012,23,50,43
13-Jul-2012,27,38,37
13-Jul-2012,22,24,51
13-Jul-2012,22,32,32
13-Jul-2012,30,32,29
13-Jul-2012,27,52,62
13-Jul-2012,23,20,58
13-Jul-2012,21,44,43
13-Jul-2012,34,25,58
13-Jul-2012,33,26,56
13-Jul-2012,23,51,37
13-Jul-2012,25,38,56
13-Jul-2012,26,28,40
13-Jul-2012,18,37,38
13-Jul-2012,24,30,35
13-Jul-2012,24,33,54
13-Jul-2012,26,25,48
13-Jul-2012,20,25,67
13-Jul-2012,40,41,50
13-Jul-2012,30,44,63
13-Jul-2012,19,44,50
13-Jul-2012,41,46,47
13-Jul-2012,30,42,52
03-Aug-2012,49.5,63,66.5
03-Aug-2012,52,50,65.5
03-Aug-2012,51.5,79,60.5
03-Aug-2012,36,53,57
03-Aug-2012,34,39,63.5
03-Aug-2012,39,56,56.5
03-Aug-2012,32,47,68
03-Aug-2012,24.5,41,61.5
03-Aug-2012,25.5,51,53
03-Aug-2012,53.5,35,68
03-Aug-2012,65,45,50.5
03-Aug-2012,49,68,66.5
03-Aug-2012,42.5,49,46
03-Aug-2012,59,45,66
03-Aug-2012,56,48,55.5
03-Aug-2012,45,64,63
03-Aug-2012,52,46,63
03-Aug-2012,54.5,42,72.5
03-Aug-2012,41,53,69.5
03-Aug-2012,41,37,65.5
03-Aug-2012,38,67,51
03-Aug-2012,51,53,73.5
03-Aug-2012,37,69,71
03-Aug-2012,55,60,51.5
03-Aug-2012,55.5,68,43.5
03-Aug-2012,34,58.5,78
03-Aug-2012,51,45.5,51.5
03-Aug-2012,37,43,47
03-Aug-2012,35.5,45,61
03-Aug-2012,40,46.5,69.5
03-Aug-2012,35.5,47,71
03-Aug-2012,64.5,60,55.5
03-Aug-2012,47,42.5,63
03-Aug-2012,55,44,57.5
03-Aug-2012,42,51,66
03-Aug-2012,49.5,48,70
03-Aug-2012,52,70.5,79
03-Aug-2012,35,39,71
03-Aug-2012,25,53,52.5
03-Aug-2012,41.5,39,51
03-Aug-2012,39,51,50.5
03-Aug-2012,66,60,56.5
03-Aug-2012,45,54,60.5
03-Aug-2012,58,46,78
03-Aug-2012,56,53,80.5
03-Aug-2012,49.5,56,71
03-Aug-2012,44,52,62
03-Aug-2012,46.5,49,81
03-Aug-2012,45,61,55.5
03-Aug-2012,45.5,42,74
03-Aug-2012,37.5,68,72.5
03-Aug-2012,33,54,50
03-Aug-2012,42.5,45,57
03-Aug-2012,54,50,64
03-Aug-2012,54,49,78
03-Aug-2012,45.5,48.5,65
03-Aug-2012,50.5,59,59
03-Aug-2012,47,43,81.5
03-Aug-2012,45.5,45,52.5
03-Aug-2012,45,48.5,57
03-Aug-2012,50.5,45,66.5
03-Aug-2012,40,53,50
03-Aug-2012,40,63,62
03-Aug-2012,48,53,54.5
03-Aug-2012,53,56,80
03-Aug-2012,40,61,65
03-Aug-2012,36,80,69
03-Aug-2012,45.5,78,66.5
03-Aug-2012,50,50.5,62.5
03-Aug-2012,56,47,65.5
03-Aug-2012,45,46,76
03-Aug-2012,47,50,65.5
03-Aug-2012,46,42,64.5
03-Aug-2012,52.5,62,77
03-Aug-2012,41,62,65.5
03-Aug-2012,45,46,73
03-Aug-2012,39,55.5,49
03-Aug-2012,41.5,52.5,75
03-Aug-2012,45,54.5,51
03-Aug-2012,55.5,53,63.5
03-Aug-2012,50,56,68.5
03-Aug-2012,64,60,74.5
03-Aug-2012,55,62.5,64.5
03-Aug-2012,49.5,41,79
20-Aug-2012,41.5,81,69
20-Aug-2012,42,71,70
20-Aug-2012,39,46,55.5
20-Aug-2012,55,64.5,53.5
20-Aug-2012,63,53,73
20-Aug-2012,56.5,46.5,70.5
20-Aug-2012,55,50,53
20-Aug-2012,44,76,56.5
20-Aug-2012,46,68.5,55
20-Aug-2012,46.5,50.5,61.5
20-Aug-2012,64.5,68.5,75.5
20-Aug-2012,55.5,69,66
20-Aug-2012,52.5,46,66
20-Aug-2012,44,65.5,57.5
20-Aug-2012,55,51,49
20-Aug-2012,37,48,67
20-Aug-2012,45,50,64
20-Aug-2012,40,44,64
20-Aug-2012,50,63,64.5
20-Aug-2012,41,51,57
20-Aug-2012,44,81,75.5
20-Aug-2012,42.5,54,50
20-Aug-2012,45.5,65,59
20-Aug-2012,60,61,71
20-Aug-2012,67,61,65.5
20-Aug-2012,58,54,81.5
20-Aug-2012,50,48,65
20-Aug-2012,43,56,62
20-Aug-2012,34.5,58,70
20-Aug-2012,65.5,65,65
20-Aug-2012,80,49,52
20-Aug-2012,49.5,78,61
20-Aug-2012,61.5,59,61
20-Aug-2012,51,59,55
20-Aug-2012,53,60,66.5
20-Aug-2012,47.5,68,60
20-Aug-2012,38,53,48
20-Aug-2012,36.5,52.5,49
20-Aug-2012,44.5,65,51
20-Aug-2012,44.5,63,51
20-Aug-2012,42,55.5,78
20-Aug-2012,53.5,71,68.5
20-Aug-2012,44.5,54,71.5
20-Aug-2012,47,66,63.5
20-Aug-2012,55.5,61,67.5
20-Aug-2012,57,53.5,85
20-Aug-2012,59,54,69
20-Aug-2012,63,55,88
20-Aug-2012,49,52.5,80
20-Aug-2012,61,55,71.5
20-Aug-2012,42.5,57,62
20-Aug-2012,42.5,59,57
20-Aug-2012,40.5,57,55
20-Aug-2012,53,61,62
20-Aug-2012,44.5,59,69.5
20-Aug-2012,55,55,84
20-Aug-2012,54.5,65,78
20-Aug-2012,57.5,46,69
20-Aug-2012,60,51,75
20-Aug-2012,56.5,52,79
20-Aug-2012,37,55.5,55
20-Aug-2012,41.5,48.5,62
20-Aug-2012,49.5,66,62
20-Aug-2012,51,52,72
20-Aug-2012,51.5,53,74
20-Aug-2012,57.5,63.5,67
20-Aug-2012,62,85,71
20-Aug-2012,50,61,65
20-Aug-2012,44.5,50,79
20-Aug-2012,46,49.5,66
20-Aug-2012,54.5,49,73.5
20-Aug-2012,54.5,51,79
20-Aug-2012,42,53,75
20-Aug-2012,49,69,83
20-Aug-2012,63,69,72
20-Aug-2012,55.5,52.5,64.5
20-Aug-2012,58,56,69
20-Aug-2012,47,51.5,52.5
20-Aug-2012,45,61.5,89
20-Aug-2012,39,48,75.5
20-Aug-2012,41,56.5,72
20-Aug-2012,48,65,70
20-Aug-2012,52,68,84
20-Aug-2012,57.5,51.5,80
03-Sep-2012,60,72,62
03-Sep-2012,46,70,72
03-Sep-2012,57,78,68
03-Sep-2012,49,59,62
03-Sep-2012,53,54,52
03-Sep-2012,53,57,73
03-Sep-2012,37,50,55
03-Sep-2012,42,58,57
03-Sep-2012,50,55,49
03-Sep-2012,37,62,73
03-Sep-2012,57,62,74
03-Sep-2012,62,58,49
03-Sep-2012,51,54,52
03-Sep-2012,42,60,54
03-Sep-2012,53,56,75
03-Sep-2012,51,75,57
03-Sep-2012,45,63,58
03-Sep-2012,55,58,78
03-Sep-2012,45,51,68
03-Sep-2012,45,66,68
03-Sep-2012,41,60,57
03-Sep-2012,54,54,74
03-Sep-2012,43,60,59
03-Sep-2012,58,69,85
03-Sep-2012,54,85,55
03-Sep-2012,48,74,80
03-Sep-2012,48,54,38
03-Sep-2012,47,66,79
03-Sep-2012,41,74,60
03-Sep-2012,46,55,60
03-Sep-2012,48,67,81
03-Sep-2012,38,48,54
03-Sep-2012,42,86,68
03-Sep-2012,49,50,77
03-Sep-2012,40,65,73
03-Sep-2012,45,64,75
03-Sep-2012,48,62,56
03-Sep-2012,57,59,72
03-Sep-2012,52,51,58
03-Sep-2012,52,51,70
03-Sep-2012,53,55,86
03-Sep-2012,57,72,87
03-Sep-2012,50,62,85
03-Sep-2012,51,60,57
03-Sep-2012,60,60,82
03-Sep-2012,60,54,66
03-Sep-2012,62,54,68
03-Sep-2012,66,62,63
03-Sep-2012,65,54,69
03-Sep-2012,80,54,68
03-Sep-2012,48,61,84
03-Sep-2012,48,60,65
03-Sep-2012,45,64,63
03-Sep-2012,58,59,83
03-Sep-2012,51,58,75
03-Sep-2012,56,62,73
03-Sep-2012,58,48,73
03-Sep-2012,61,48,68
03-Sep-2012,65,55,75
03-Sep-2012,58,58,81
03-Sep-2012,48,64,81
03-Sep-2012,41,64,65
03-Sep-2012,51,80,66
03-Sep-2012,55,54,63
03-Sep-2012,53,56,70
03-Sep-2012,63,65,80
03-Sep-2012,62,53,66
03-Sep-2012,49,60,75
03-Sep-2012,43,54,90
03-Sep-2012,56,60,65
03-Sep-2012,64,50,63
03-Sep-2012,58,55,60
03-Sep-2012,46,56,58
03-Sep-2012,54,74,59
03-Sep-2012,64,73,61
03-Sep-2012,70,50,65
03-Sep-2012,63,62,75
03-Sep-2012,64,53,73
03-Sep-2012,52,56,83
03-Sep-2012,48,49,85
03-Sep-2012,45,58,90
03-Sep-2012,50,63,66
03-Sep-2012,50,56,74
03-Sep-2012,61,52,75
21-Jun-2013,16.5,15.5,28.5
21-Jun-2013,21.5,31,21
21-Jun-2013,12,27,6.5
21-Jun-2013,9,17,18
21-Jun-2013,21,11.5,31
21-Jun-2013,15.5,32,32.5
21-Jun-2013,10,13,21.5
21-Jun-2013,10,15,22
21-Jun-2013,13,18.5,23
21-Jun-2013,12,15,13
21-Jun-2013,17,15,31
21-Jun-2013,12.5,23.5,26
21-Jun-2013,19,15,35.5
21-Jun-2013,17.5,15.5,24.5
21-Jun-2013,18.5,15,21
21-Jun-2013,14,8.5,38
21-Jun-2013,12.5,16,15.5
21-Jun-2013,10,17,14.5
21-Jun-2013,14.5,14,31.5
21-Jun-2013,16,10,38
21-Jun-2013,15,25,20.5
21-Jun-2013,8.5,18.5,26.5
21-Jun-2013,10.5,17,19.5
21-Jun-2013,11,23,24
21-Jun-2013,14.5,22,25.5
21-Jun-2013,10,25,14
21-Jun-2013,10.5,9,26
21-Jun-2013,13,17,15.5
21-Jun-2013,12.5,25.5,17.5
21-Jun-2013,12.5,9.5,28
21-Jun-2013,11,16.5,19
21-Jun-2013,14,19,17
21-Jun-2013,11,14,21
21-Jun-2013,11.5,14,18
21-Jun-2013,14.5,11,23
21-Jun-2013,21,19,26
21-Jun-2013,8.5,16.5,32
21-Jun-2013,12.5,16,18
21-Jun-2013,14,17.5,26
21-Jun-2013,13,18,23
21-Jun-2013,14,10.5,16
21-Jun-2013,12,21,19
21-Jun-2013,11,22,22.5
21-Jun-2013,17,16.5,25
21-Jun-2013,14,15,11
21-Jun-2013,21,14,24
21-Jun-2013,15.5,16,13.5
21-Jun-2013,15.5,19,14
21-Jun-2013,11,17,22
21-Jun-2013,13,14,23
21-Jun-2013,18.5,18,24
21-Jun-2013,15,12.5,31
21-Jun-2013,12.5,10,27
21-Jun-2013,18.5,16.5,16
21-Jun-2013,14.5,32.5,16.5
21-Jun-2013,16,20.5,19.5
21-Jun-2013,14,22,17
21-Jun-2013,16,15.5,19
21-Jun-2013,14,18,15
21-Jun-2013,15,15.5,20
21-Jun-2013,10,20,20
21-Jun-2013,16,17,24.5
21-Jun-2013,14,14.5,21
21-Jun-2013,13,17.5,15.5
21-Jun-2013,14,21,17
21-Jun-2013,10,13,14.5
21-Jun-2013,9,14,22
21-Jun-2013,13.5,13.5,15
21-Jun-2013,16.5,15,19
21-Jun-2013,17.5,18.5,25.5
21-Jun-2013,15,19,19
21-Jun-2013,14.5,14,24
21-Jun-2013,16.5,17,22
21-Jun-2013,17.5,14,25.5
21-Jun-2013,13.5,14.5,20
21-Jun-2013,14,12,23.5
21-Jun-2013,12,16,22
21-Jun-2013,15.5,18,18
21-Jun-2013,14.5,25.8,28.5
21-Jun-2013,16.5,19,22
19-Jul-2013,31,45,51
19-Jul-2013,46,60,36.5
19-Jul-2013,20,37,43.5
19-Jul-2013,17,50,44
19-Jul-2013,23,29,34
19-Jul-2013,20,30,42
19-Jul-2013,29,47,35.5
19-Jul-2013,37.5,52,38
19-Jul-2013,21,36,37
19-Jul-2013,33,28.5,52.5
19-Jul-2013,24,35,24
19-Jul-2013,39,49.5,46.5
19-Jul-2013,25,28,40
19-Jul-2013,34.5,25,42
19-Jul-2013,26,47,39.5
19-Jul-2013,31.5,37.5,63.5
19-Jul-2013,29,63,34
19-Jul-2013,32,46,32
19-Jul-2013,49,59,30.5
19-Jul-2013,22,61,57.5
19-Jul-2013,31.5,52.5,58
19-Jul-2013,25.5,32,30
19-Jul-2013,41,26,32.5
19-Jul-2013,32.5,39,36.5
19-Jul-2013,28,60.5,62.5
19-Jul-2013,34.5,51,32.5
19-Jul-2013,31,34.5,36
19-Jul-2013,42,27,29.5
19-Jul-2013,28,31,37
19-Jul-2013,19,26,27.5
19-Jul-2013,34,34,51
19-Jul-2013,24,35,31
19-Jul-2013,22,36.5,34
19-Jul-2013,22.5,36,39
19-Jul-2013,28,32,40
19-Jul-2013,34,46,29
19-Jul-2013,25,29,29.5
19-Jul-2013,34,52,36.5
19-Jul-2013,23.5,51,44
19-Jul-2013,32.5,31,40
19-Jul-2013,20,29.5,65.5
19-Jul-2013,26.5,47.5,39
19-Jul-2013,23,32,53
19-Jul-2013,30,42.5,34.5
19-Jul-2013,28,35.5,50.5
19-Jul-2013,33,44,28
19-Jul-2013,48,42.5,64
19-Jul-2013,43.5,29,25.5
19-Jul-2013,33.5,36,64.5
19-Jul-2013,31.5,26,42
19-Jul-2013,27.5,50,66
19-Jul-2013,24,30.5,45
19-Jul-2013,21,31.5,38.5
19-Jul-2013,30,27,58
19-Jul-2013,45,44,57.5
19-Jul-2013,41,33.5,48.5
19-Jul-2013,29.5,41,50
19-Jul-2013,31.5,36,29.5
19-Jul-2013,44.5,38.5,61
19-Jul-2013,34,43,60.5
19-Jul-2013,42,32,31.5
19-Jul-2013,25,31,38
19-Jul-2013,30,51,39.5
19-Jul-2013,27.5,29.5,50.5
19-Jul-2013,32,35,44.5
19-Jul-2013,36,28.5,24
19-Jul-2013,40.5,31.5,60
19-Jul-2013,34.5,23.5,72
19-Jul-2013,24,29,53.5
19-Jul-2013,30.5,32.5,67.5
19-Jul-2013,38.5,47,27.5
19-Jul-2013,24,38,38
19-Jul-2013,24.5,49,44
19-Jul-2013,34.5,30.5,40
19-Jul-2013,27,42.5,42.5
19-Jul-2013,22,41,37.5
19-Jul-2013,28,34.5,54.5
19-Jul-2013,23.5,34.5,52
19-Jul-2013,36.5,37.5,62
19-Jul-2013,45.5,28,54
19-Jul-2013,45,42,59.5
19-Jul-2013,43.5,57,44.5
19-Jul-2013,42,44,34
19-Jul-2013,35,33,55
04-Aug-2013,49,42,53.5
04-Aug-2013,51,38,57.5
04-Aug-2013,31,45,68
04-Aug-2013,61.5,65,43
04-Aug-2013,50,60,57.5
04-Aug-2013,52,77,54
04-Aug-2013,32,54,55
04-Aug-2013,41,67,54.5
04-Aug-2013,30,63,55
04-Aug-2013,47.5,77,52
04-Aug-2013,40.5,89,50
04-Aug-2013,45,64,47
04-Aug-2013,42,50,65.5
04-Aug-2013,47,62,53
04-Aug-2013,54.5,65,67
04-Aug-2013,41.5,62,45.5
04-Aug-2013,59,41,60
04-Aug-2013,44,50,63
04-Aug-2013,33,48,75.5
04-Aug-2013,43,57,62
04-Aug-2013,48,67,85
04-Aug-2013,60,81,57
04-Aug-2013,59,54,56
04-Aug-2013,38,54,54
04-Aug-2013,44,68,54
04-Aug-2013,33.5,69,80
04-Aug-2013,51,47,62
04-Aug-2013,42,50,68
04-Aug-2013,40,69,62
04-Aug-2013,68,42,49.5
04-Aug-2013,43,69,70
04-Aug-2013,50.5,36,67.5
04-Aug-2013,46,52,58
04-Aug-2013,46,36,56.5
04-Aug-2013,52.5,60,46
04-Aug-2013,45,49,44.5
04-Aug-2013,40.5,46,57
04-Aug-2013,56,44,50.5
04-Aug-2013,46,43,56
04-Aug-2013,40,69,58
04-Aug-2013,56,45,51
04-Aug-2013,43,76,61
04-Aug-2013,52,58,54
04-Aug-2013,28,57,71
04-Aug-2013,53,51,62
04-Aug-2013,45,56,73.5
04-Aug-2013,63,58,78
04-Aug-2013,54,55,80
04-Aug-2013,62,42,70
04-Aug-2013,62,68,66
04-Aug-2013,65,68,61
04-Aug-2013,40,70,56
04-Aug-2013,52,72,60
04-Aug-2013,60,38,53
04-Aug-2013,52,65,54
04-Aug-2013,39,77,83
04-Aug-2013,45,80,69.5
04-Aug-2013,68,45,60
04-Aug-2013,56,46,81
04-Aug-2013,52,48,64.5
04-Aug-2013,53,52,45
04-Aug-2013,46,57,54
04-Aug-2013,25,43,55.5
04-Aug-2013,43,66,59
04-Aug-2013,55,51,75
04-Aug-2013,60,52,74
04-Aug-2013,61,45,70
04-Aug-2013,59,60,77
04-Aug-2013,53,54,53
04-Aug-2013,47,56,55.5
04-Aug-2013,62,53,70.5
04-Aug-2013,42,54,70
04-Aug-2013,33,65,46.5
04-Aug-2013,44,43,78
04-Aug-2013,45,54,44
04-Aug-2013,59,53,73
04-Aug-2013,52,66,67
04-Aug-2013,60,54,75
04-Aug-2013,50,53,58
04-Aug-2013,53,55,54
04-Aug-2013,47,58,66
04-Aug-2013,39,53,72
04-Aug-2013,55,47,43
04-Aug-2013,42,57,85
24-Aug-2013,47,72,64
24-Aug-2013,44,49,54
24-Aug-2013,44,55,56
24-Aug-2013,47,57,58
24-Aug-2013,41,61,51
24-Aug-2013,42,51,78
24-Aug-2013,56,56,66
24-Aug-2013,46,60,86
24-Aug-2013,54,55,72
24-Aug-2013,51,61,86
24-Aug-2013,48,47,76
24-Aug-2013,64,59,61
24-Aug-2013,56,56,75
24-Aug-2013,55,51,60
24-Aug-2013,59,58,67
24-Aug-2013,59,57,53
24-Aug-2013,62,54,60
24-Aug-2013,42,53,61
24-Aug-2013,44,54,57
24-Aug-2013,58,50,69
24-Aug-2013,50,65,70
24-Aug-2013,47,60,58
24-Aug-2013,57,74,65
24-Aug-2013,44,50,70
24-Aug-2013,55,54,68
24-Aug-2013,41,57,61
24-Aug-2013,43,62,59
24-Aug-2013,49,53,59
24-Aug-2013,46,59,69
24-Aug-2013,45,67,45
24-Aug-2013,46,67,79
24-Aug-2013,52,66,55
24-Aug-2013,51,67,74
24-Aug-2013,58,59,69
24-Aug-2013,63,70,73
24-Aug-2013,54,54,57
24-Aug-2013,64,70,72
24-Aug-2013,62,80,80
24-Aug-2013,62,65,70
24-Aug-2013,71,64,68
24-Aug-2013,48,55,67
24-Aug-2013,57,76,63
24-Aug-2013,49,53,74
24-Aug-2013,49,77,77
24-Aug-2013,55,59,69
24-Aug-2013,56,60,81
24-Aug-2013,67,55,78
24-Aug-2013,51,63,59
24-Aug-2013,53,54,85
24-Aug-2013,72,57,77
24-Aug-2013,38,66,48
24-Aug-2013,41,56,64
24-Aug-2013,36,67,76
24-Aug-2013,67,64,85
24-Aug-2013,51,59,55
24-Aug-2013,63,57,64
24-Aug-2013,59,66,68
24-Aug-2013,55,48,68
24-Aug-2013,55,51,83
24-Aug-2013,59,57,79
24-Aug-2013,44,55,60
24-Aug-2013,43,52,75
24-Aug-2013,47,65,56
24-Aug-2013,55,53,61
24-Aug-2013,57,68,53
24-Aug-2013,56,64,61
24-Aug-2013,65,62,79
24-Aug-2013,46,74,74
24-Aug-2013,42,57,72
24-Aug-2013,67,63,75
24-Aug-2013,45,53,73
24-Aug-2013,64,47,80
24-Aug-2013,43,57,84
24-Aug-2013,65,65,78
24-Aug-2013,70,77,69
24-Aug-2013,58,53,86
24-Aug-2013,55,59,71
24-Aug-2013,65,59,80
24-Aug-2013,52,62,86
24-Aug-2013,49,62,54
24-Aug-2013,38,65,71
24-Aug-2013,49,60,58
24-Aug-2013,47,77,60
24-Aug-2013,61,51,54
02-Sep-2013,48,74,70
02-Sep-2013,62,67,63
02-Sep-2013,60,72,60
02-Sep-2013,50,71,84
02-Sep-2013,49,71,78
02-Sep-2013,48,78,69
02-Sep-2013,65,84,48
02-Sep-2013,54,73,63
02-Sep-2013,55,65,86
02-Sep-2013,59,60,69
02-Sep-2013,64,51,72
02-Sep-2013,52,57,63
02-Sep-2013,53,88,54
02-Sep-2013,52,85,77
02-Sep-2013,54,68,55
02-Sep-2013,49,62,49
02-Sep-2013,62,54,67
02-Sep-2013,68,69,72
02-Sep-2013,50,64,65
02-Sep-2013,56,77,59
02-Sep-2013,60,63,65
02-Sep-2013,46,71,66
02-Sep-2013,61,84,65
02-Sep-2013,55,61,58
02-Sep-2013,54,73,72
02-Sep-2013,63,67,60
02-Sep-2013,71,59,67
02-Sep-2013,68,60,72
02-Sep-2013,50,51,60
02-Sep-2013,51,53,67
02-Sep-2013,69,65,72
02-Sep-2013,49,70,66
02-Sep-2013,52,73,64
02-Sep-2013,43,58,79
02-Sep-2013,45,79,65
02-Sep-2013,58,71,58
02-Sep-2013,63,61,63
02-Sep-2013,69,68,67
02-Sep-2013,51,65,57
02-Sep-2013,45,72,61
02-Sep-2013,60,57,64
02-Sep-2013,50,75,68
02-Sep-2013,44,59,59
02-Sep-2013,52,67,63
02-Sep-2013,60,61,74
02-Sep-2013,58,53,79
02-Sep-2013,58,57,78
02-Sep-2013,51,61,65
02-Sep-2013,55,55,82
02-Sep-2013,69,56,78
02-Sep-2013,47,59,87
02-Sep-2013,48,61,69
02-Sep-2013,42,60,77
02-Sep-2013,62,59,84
02-Sep-2013,60,50,68
02-Sep-2013,57,51,65
02-Sep-2013,61,64,51
02-Sep-2013,60,58,69
02-Sep-2013,49,63,72
02-Sep-2013,49,57,83
02-Sep-2013,45,66,59
02-Sep-2013,50,70,62
02-Sep-2013,50,73,59
02-Sep-2013,56,59,62
02-Sep-2013,54,65,81
02-Sep-2013,58,65,77
02-Sep-2013,67,64,60
02-Sep-2013,50,63,65
02-Sep-2013,45,55,89
02-Sep-2013,47,60,67
02-Sep-2013,57,52,65
02-Sep-2013,61,63,75
02-Sep-2013,50,59,58
02-Sep-2013,61,54,79
02-Sep-2013,67,68,65
02-Sep-2013,66,58,74
02-Sep-2013,57,65,70
02-Sep-2013,67,63,61
02-Sep-2013,50,63,68
02-Sep-2013,48,54,59
02-Sep-2013,38,61,88
02-Sep-2013,57,55,60
02-Sep-2013,51,72,53
02-Sep-2013,52,67,86
10-Jun-2014,9,20,5
10-Jun-2014,12.5,0,5.5
10-Jun-2014,12,26,17
10-Jun-2014,9,15,2
10-Jun-2014,6,27,4
10-Jun-2014,8,0,13
10-Jun-2014,6,14,11
10-Jun-2014,11,8,15
10-Jun-2014,7,13,4
10-Jun-2014,8,10.5,0
10-Jun-2014,4,13,7
10-Jun-2014,2,14,5
10-Jun-2014,2,7,2
10-Jun-2014,2,5,3
10-Jun-2014,10.5,9,10
10-Jun-2014,0,11.5,11
10-Jun-2014,6,11.5,4
10-Jun-2014,8,17,12
10-Jun-2014,7.5,10.5,12
10-Jun-2014,5,8,5
10-Jun-2014,4.5,12,2.5
10-Jun-2014,0,13.5,1
10-Jun-2014,0,9,8.5
10-Jun-2014,3,9,8
10-Jun-2014,0,10.5,13
10-Jun-2014,0,12,9
10-Jun-2014,0,0,9
10-Jun-2014,0,12,20
10-Jun-2014,7,16,22
10-Jun-2014,0,10,14.5
10-Jun-2014,0,12,2
10-Jun-2014,0,8,3.5
10-Jun-2014,0,11,10
10-Jun-2014,0,12,0
10-Jun-2014,0,7,4
10-Jun-2014,1,3,6
10-Jun-2014,23,8,37
10-Jun-2014,5,9,9
10-Jun-2014,0,6,1
10-Jun-2014,0,0,3.5
10-Jun-2014,0,5,13
10-Jun-2014,0,4,9
10-Jun-2014,0,10,0
10-Jun-2014,1,11,9
10-Jun-2014,1,10.5,20
10-Jun-2014,0,0,12
10-Jun-2014,0,0,4
10-Jun-2014,0,9,0
10-Jun-2014,9,14,2
10-Jun-2014,0,2,18
10-Jun-2014,11,10,14
10-Jun-2014,4,16,3
10-Jun-2014,3,17,11
10-Jun-2014,0,3,10
10-Jun-2014,0,4,0
10-Jun-2014,0,9,6
10-Jun-2014,1,29.5,12.5
10-Jun-2014,0,11,15
10-Jun-2014,0,3,3
10-Jun-2014,0,12,2
10-Jun-2014,0,5,9
10-Jun-2014,0,8.5,0
10-Jun-2014,0,5,16
10-Jun-2014,1,6,5
10-Jun-2014,0,8,12
10-Jun-2014,0,17,12
10-Jun-2014,6,15,0
10-Jun-2014,0,35,0
10-Jun-2014,3.5,8,8
10-Jun-2014,0,10,38
10-Jun-2014,0.5,8,13
10-Jun-2014,0,9,11
10-Jun-2014,3,11,0
10-Jun-2014,2,30,5
10-Jun-2014,0,12.5,7
10-Jun-2014,0,7,3
10-Jun-2014,1,11,18
10-Jun-2014,0,0,15
10-Jun-2014,0,0,21
10-Jun-2014,4,7,0
10-Jun-2014,0,7,10
10-Jun-2014,0,9.5,6
10-Jun-2014,3,17,10
10-Jun-2014,0,10.5,0
17-Jun-2014,20,39.5,24
17-Jun-2014,2,24,14
17-Jun-2014,9,15,23
17-Jun-2014,11,14.5,2
17-Jun-2014,14,24.5,18
17-Jun-2014,5,12,16.5
17-Jun-2014,13,17,37
17-Jun-2014,11,14,24
17-Jun-2014,11,13,32.5
17-Jun-2014,7,29,24
17-Jun-2014,10,25,26
17-Jun-2014,10,26,29.5
17-Jun-2014,12,35,20
17-Jun-2014,17,16,33
17-Jun-2014,10.5,42,19
17-Jun-2014,9,25.5,20.5
17-Jun-2014,15,26,22
17-Jun-2014,11,21,28
17-Jun-2014,0,16,35
17-Jun-2014,0,30,16
17-Jun-2014,14,31,10
17-Jun-2014,6,11.5,17.5
17-Jun-2014,11.5,14,37
17-Jun-2014,14.5,25.5,21.5
17-Jun-2014,11.5,29,12
17-Jun-2014,10,32,26
17-Jun-2014,5,21.5,30
17-Jun-2014,11,27.5,24.5
17-Jun-2014,6,30,38
17-Jun-2014,10,15,31
17-Jun-2014,14,48,29
17-Jun-2014,6,45,28
17-Jun-2014,12,20.5,19.5
17-Jun-2014,6,20,18
17-Jun-2014,4,11,29.5
17-Jun-2014,2,22,30
17-Jun-2014,7,16.5,37
17-Jun-2014,0,37.5,29
17-Jun-2014,7.5,25,22
17-Jun-2014,0,30,18.5
17-Jun-2014,5,17.5,40
17-Jun-2014,6,39,29
17-Jun-2014,0,15,14
17-Jun-2014,4,50,22
17-Jun-2014,2,21,15
17-Jun-2014,12,14.5,24
17-Jun-2014,8,10,24.5
17-Jun-2014,5.5,23,15.5
17-Jun-2014,4,22.5,26
17-Jun-2014,5,13,14
17-Jun-2014,11,16,30.5
17-Jun-2014,7,26,21
17-Jun-2014,0,26,22.5
17-Jun-2014,10,12.5,32
17-Jun-2014,11,18,17
17-Jun-2014,8,18,21.5
17-Jun-2014,11,47,27
17-Jun-2014,10,23,24
17-Jun-2014,0,9,16
17-Jun-2014,7,15,43
17-Jun-2014,3,10,17
17-Jun-2014,4,23,36
17-Jun-2014,9,11,25.5
17-Jun-2014,0,12.5,6
17-Jun-2014,8,16,22
17-Jun-2014,11,21,25.5
17-Jun-2014,7,30,15
17-Jun-2014,4,48,29
17-Jun-2014,10,12,21
17-Jun-2014,9,17.5,6
17-Jun-2014,0,20,7
17-Jun-2014,8,18,22.5
17-Jun-2014,8,16.5,14
17-Jun-2014,23,42,4
17-Jun-2014,0,17,16
17-Jun-2014,18,17.5,19
17-Jun-2014,5,13.5,8.5
17-Jun-2014,12,6,21
17-Jun-2014,6,12,34
17-Jun-2014,3,10.5,47
17-Jun-2014,0,14,32
17-Jun-2014,8,16,20.5
17-Jun-2014,2,24,22.5
17-Jun-2014,7.5,14,4
04-Jul-2014,16,38,47
04-Jul-2014,16,24,35.5
04-Jul-2014,21,21,37
04-Jul-2014,15,30.5,24
04-Jul-2014,20,31,34
04-Jul-2014,17,47,36.5
04-Jul-2014,14,27,25
04-Jul-2014,17,21,25
04-Jul-2014,14,19,44
04-Jul-2014,16,24,41
04-Jul-2014,18,33,27
04-Jul-2014,15,35,30
04-Jul-2014,25,18,25.5
04-Jul-2014,20,33,31
04-Jul-2014,13,27,42
04-Jul-2014,22.5,24,36
04-Jul-2014,24.5,25,24
04-Jul-2014,12,18,28
04-Jul-2014,14,22,28
04-Jul-2014,19,27,45
04-Jul-2014,24,22.5,47
04-Jul-2014,13,23,30.5
04-Jul-2014,17,20.5,23
04-Jul-2014,26,21,32
04-Jul-2014,11.5,19,27
04-Jul-2014,11,24,47
04-Jul-2014,15,25,45
04-Jul-2014,21.5,19.5,32
04-Jul-2014,11,32.5,21
04-Jul-2014,15,29,34
04-Jul-2014,22,35,25
04-Jul-2014,17,22,23
04-Jul-2014,17,51,26
04-Jul-2014,14,30,23
04-Jul-2014,8,20,20
04-Jul-2014,21,21.5,48
04-Jul-2014,22.5,32,47
04-Jul-2014,11.5,21,24
04-Jul-2014,13,53,33
04-Jul-2014,30,43,26
04-Jul-2014,15,35,49
04-Jul-2014,25,19,26
04-Jul-2014,28,32,36
04-Jul-2014,12.5,25,27
04-Jul-2014,21,37,28.5
04-Jul-2014,23,21,26
04-Jul-2014,19.5,23.5,36
04-Jul-2014,16,19,27
04-Jul-2014,12,32,59
04-Jul-2014,16,28,44
04-Jul-2014,18,18,45
04-Jul-2014,11,25,59
04-Jul-2014,12.5,25,40.5
04-Jul-2014,14,23,40
04-Jul-2014,26,19,26
04-Jul-2014,18,25,26
04-Jul-2014,16,35,36
04-Jul-2014,18,21,27
04-Jul-2014,19,30,43.5
04-Jul-2014,34,26,40
04-Jul-2014,14,26.5,29
04-Jul-2014,15,25.5,27
04-Jul-2014,14,27,31
04-Jul-2014,37,24,31
04-Jul-2014,15,25,27
04-Jul-2014,27,31,25.5
04-Jul-2014,18,36,53
04-Jul-2014,15,51,30
04-Jul-2014,25,21,27
04-Jul-2014,26,17,44
04-Jul-2014,22,21.5,24
04-Jul-2014,17.5,26,29
04-Jul-2014,16,32,29
04-Jul-2014,18,44,28
04-Jul-2014,20,22,32
04-Jul-2014,35,26,36.5
04-Jul-2014,34.5,21,44
04-Jul-2014,14,17,52
04-Jul-2014,26,25,41
04-Jul-2014,33,24.5,44
04-Jul-2014,28,28,44
04-Jul-2014,24.5,18,30
04-Jul-2014,20,28,39
04-Jul-2014,31,22,33
16-Jul-2014,25,29,46
16-Jul-2014,27,26,35
16-Jul-2014,31,36,41
16-Jul-2014,30,24,34
16-Jul-2014,24,49,31
16-Jul-2014,25,51,31
16-Jul-2014,34,27,48
16-Jul-2014,20,53,42
16-Jul-2014,36,29,34
16-Jul-2014,33,26,28
16-Jul-2014,29,37,31
16-Jul-2014,41,29,41
16-Jul-2014,26,36,46
16-Jul-2014,24,34,35
16-Jul-2014,26,36,29
16-Jul-2014,32,33,25
16-Jul-2014,49,42,24
16-Jul-2014,30,47,43
16-Jul-2014,36,42,38
16-Jul-2014,25,31,33
16-Jul-2014,33,47,50
16-Jul-2014,40,55,32
16-Jul-2014,51,46,57
16-Jul-2014,44,45,31
16-Jul-2014,20,50,55
16-Jul-2014,20,44,35
16-Jul-2014,27,37,35
16-Jul-2014,20,40.5,32
16-Jul-2014,31,28,49
16-Jul-2014,25,35,29
16-Jul-2014,22,29,50
16-Jul-2014,30,24,25
16-Jul-2014,26,27,32
16-Jul-2014,28,29,62
16-Jul-2014,31,37,49
16-Jul-2014,33,29,53
16-Jul-2014,31,28,31
16-Jul-2014,27,34,31
16-Jul-2014,32,43,29
16-Jul-2014,24,34,32
16-Jul-2014,23,43,58
16-Jul-2014,24,32,35
16-Jul-2014,25,32,36
16-Jul-2014,21,37,43
16-Jul-2014,24,38,35
16-Jul-2014,27,28,24
16-Jul-2014,47,33,40
16-Jul-2014,26,43,46
16-Jul-2014,41,30,57
16-Jul-2014,29,46,31
16-Jul-2014,24,31,46
16-Jul-2014,23,34,32.5
16-Jul-2014,27,31,43
16-Jul-2014,25,38,53.5
16-Jul-2014,39,36,37
16-Jul-2014,25,41,30
16-Jul-2014,25,66,52
16-Jul-2014,39,28,29.5
16-Jul-2014,36,46,30
16-Jul-2014,31,29,44
16-Jul-2014,31,30,36
16-Jul-2014,23,24,41
16-Jul-2014,39,31,41
16-Jul-2014,23,44,30
16-Jul-2014,33,29,36
16-Jul-2014,44,35,54
16-Jul-2014,40,27,53.5
16-Jul-2014,27,44,60
16-Jul-2014,24,55,36
16-Jul-2014,29,30,52
16-Jul-2014,31,38,24
16-Jul-2014,37,24,40
16-Jul-2014,24,27,31
16-Jul-2014,30,48,33
16-Jul-2014,35,28,41
16-Jul-2014,27,27,31
16-Jul-2014,27,31,40
16-Jul-2014,25,33,10
16-Jul-2014,30,34,44
16-Jul-2014,33,39,30
16-Jul-2014,26,44,66
16-Jul-2014,42,33,34
16-Jul-2014,44,48,56
16-Jul-2014,30,24,37
24-Jul-2014,33,55,55
24-Jul-2014,41,48,45
24-Jul-2014,33,59,43
24-Jul-2014,33,56,38
24-Jul-2014,31,49,45
24-Jul-2014,42,41,52
24-Jul-2014,46,56,48
24-Jul-2014,40,40,34
24-Jul-2014,46,47,53
24-Jul-2014,37,58,79
24-Jul-2014,42,42,49
24-Jul-2014,33,56,51
24-Jul-2014,47,41,50
24-Jul-2014,34,49,53
24-Jul-2014,39,50,57
24-Jul-2014,34,41,50
24-Jul-2014,20,43,35
24-Jul-2014,30,46,48
24-Jul-2014,37,34,52
24-Jul-2014,37,45,59
24-Jul-2014,34,45,40
24-Jul-2014,34,41,38
24-Jul-2014,33,35,61
24-Jul-2014,40,58,55
24-Jul-2014,34,35,48
24-Jul-2014,24,47,37
24-Jul-2014,38,41,49
24-Jul-2014,26,35,55
24-Jul-2014,44,39,53
24-Jul-2014,26,34,45
24-Jul-2014,32,42,50
24-Jul-2014,42,37,49
24-Jul-2014,31,36,50
24-Jul-2014,54,32,54
24-Jul-2014,39,60,48
24-Jul-2014,35,31,35
24-Jul-2014,29,55,53
24-Jul-2014,46,32,46
24-Jul-2014,33,48,57
24-Jul-2014,51,58,58
24-Jul-2014,42,45,63
24-Jul-2014,46,58,40
24-Jul-2014,41,45,54
24-Jul-2014,45,53,41
24-Jul-2014,50,49,42
24-Jul-2014,51,53,50
24-Jul-2014,58,52,45
24-Jul-2014,48,51,55
24-Jul-2014,44,48,55
24-Jul-2014,55,51,42
24-Jul-2014,40,45,57
24-Jul-2014,39,37,57
24-Jul-2014,45,50,59
24-Jul-2014,46,50,60
24-Jul-2014,51,57,52
24-Jul-2014,41,38,46
24-Jul-2014,45,78,56
24-Jul-2014,50,57,50
24-Jul-2014,46,44,62
24-Jul-2014,51,45,63
24-Jul-2014,41,35,50
24-Jul-2014,30,55,44
24-Jul-2014,40,50,44
24-Jul-2014,35,40,52
24-Jul-2014,46,48,41
24-Jul-2014,54,40,35
24-Jul-2014,50,58,58
24-Jul-2014,39,57,56
24-Jul-2014,37,25,41
24-Jul-2014,49,50,61
24-Jul-2014,45,48,50
24-Jul-2014,50,52,50
24-Jul-2014,38,46,55
24-Jul-2014,49,46,55
24-Jul-2014,41,55,52
24-Jul-2014,45,55,57
24-Jul-2014,42,59,45
24-Jul-2014,32,47,58
24-Jul-2014,41,33,55
24-Jul-2014,50,55,64
24-Jul-2014,48,49,67
24-Jul-2014,60,42,43
24-Jul-2014,50,43,43
24-Jul-2014,53,54,48
26-Jul-2014,33,55,55
26-Jul-2014,41,48,45
26-Jul-2014,33,59,43
26-Jul-2014,33,56,38
26-Jul-2014,31,49,45
26-Jul-2014,42,41,52
26-Jul-2014,46,56,48
26-Jul-2014,40,40,34
26-Jul-2014,46,47,53
26-Jul-2014,37,58,79
26-Jul-2014,42,42,49
26-Jul-2014,33,56,51
26-Jul-2014,47,41,50
26-Jul-2014,34,49,53
26-Jul-2014,39,50,57
26-Jul-2014,34,41,50
26-Jul-2014,20,43,35
26-Jul-2014,30,46,48
26-Jul-2014,37,34,52
26-Jul-2014,37,45,59
26-Jul-2014,34,45,40
26-Jul-2014,34,41,38
26-Jul-2014,33,35,61
26-Jul-2014,40,58,55
26-Jul-2014,34,35,48
26-Jul-2014,24,47,37
26-Jul-2014,38,41,49
26-Jul-2014,26,35,55
26-Jul-2014,44,39,53
26-Jul-2014,26,34,45
26-Jul-2014,32,42,50
26-Jul-2014,42,37,49
26-Jul-2014,31,36,50
26-Jul-2014,54,32,54
26-Jul-2014,39,60,48
26-Jul-2014,35,31,35
26-Jul-2014,29,55,53
26-Jul-2014,46,32,46
26-Jul-2014,33,48,57
26-Jul-2014,51,58,58
26-Jul-2014,42,45,63
26-Jul-2014,46,58,40
26-Jul-2014,41,45,54
26-Jul-2014,45,53,41
26-Jul-2014,50,49,42
26-Jul-2014,51,53,50
26-Jul-2014,58,52,50
26-Jul-2014,48,51,45
26-Jul-2014,44,48,55
26-Jul-2014,55,51,55
26-Jul-2014,40,45,42
26-Jul-2014,39,37,57
26-Jul-2014,45,50,57
26-Jul-2014,46,50,59
26-Jul-2014,51,57,60
26-Jul-2014,41,38,50
26-Jul-2014,45,78,46
26-Jul-2014,50,57,56
26-Jul-2014,46,44,50
26-Jul-2014,51,45,62
26-Jul-2014,41,35,63
26-Jul-2014,30,55,50
26-Jul-2014,40,50,44
26-Jul-2014,35,40,44
26-Jul-2014,46,48,52
26-Jul-2014,54,40,41
26-Jul-2014,50,58,35
26-Jul-2014,39,57,58
26-Jul-2014,37,25,41
26-Jul-2014,49,50,61
26-Jul-2014,45,48,50
26-Jul-2014,50,52,50
26-Jul-2014,38,46,55
26-Jul-2014,49,46,55
26-Jul-2014,41,55,52
26-Jul-2014,45,55,57
26-Jul-2014,42,59,45
26-Jul-2014,32,47,58
26-Jul-2014,41,33,55
26-Jul-2014,50,55,64
26-Jul-2014,48,49,67
26-Jul-2014,60,42,43
26-Jul-2014,50,43,43
26-Jul-2014,53,54,48
31-Jul-2014,46,42,51
31-Jul-2014,35,47,38
31-Jul-2014,47.5,42.5,52
31-Jul-2014,57,45.5,39
31-Jul-2014,54,35,36
31-Jul-2014,31.5,29,30
31-Jul-2014,26,35,41
31-Jul-2014,50,45,39
31-Jul-2014,38,62,53
31-Jul-2014,35,35.5,41
31-Jul-2014,40,38,52
31-Jul-2014,48,40,58
31-Jul-2014,51,45,55
31-Jul-2014,57,46,53
31-Jul-2014,40,35,53
31-Jul-2014,38,32,35
31-Jul-2014,38,32,73
31-Jul-2014,38,42,43
31-Jul-2014,20,36.5,50
31-Jul-2014,23,39,70
31-Jul-2014,34.5,43,51
31-Jul-2014,45,43,47
31-Jul-2014,53,37,37
31-Jul-2014,57,69,36
31-Jul-2014,31,37,53.5
31-Jul-2014,28.5,33,41
31-Jul-2014,42,53,42
31-Jul-2014,36,52,55
31-Jul-2014,33,40,45
31-Jul-2014,36,30,50
31-Jul-2014,45,56,47
31-Jul-2014,38,44.5,55
31-Jul-2014,41,48,44
31-Jul-2014,42,31,61
31-Jul-2014,40.5,48,51
31-Jul-2014,43,37,51
31-Jul-2014,37,36,42
31-Jul-2014,41,51,44.5
31-Jul-2014,37,44.5,55
31-Jul-2014,36,39,40
31-Jul-2014,36,40,75
31-Jul-2014,37,25,38
31-Jul-2014,47,39,65
31-Jul-2014,47,42.5,48
31-Jul-2014,33,44,52
31-Jul-2014,44,44,43
31-Jul-2014,51,41,57
31-Jul-2014,46,58,58
31-Jul-2014,51,47,79
31-Jul-2014,44,52,51
31-Jul-2014,47,27,65
31-Jul-2014,50,39,44
31-Jul-2014,33,44,51
31-Jul-2014,24,32,60
31-Jul-2014,28,41,62
31-Jul-2014,40,46,52
31-Jul-2014,52,41,58
31-Jul-2014,45,25,41
31-Jul-2014,49,31,39
31-Jul-2014,41,43,61
31-Jul-2014,44,28,56
31-Jul-2014,54,36,48
31-Jul-2014,45,41,49
31-Jul-2014,31,26,56
31-Jul-2014,37.5,36,43
31-Jul-2014,43,26,38
31-Jul-2014,45,32,67
31-Jul-2014,48,76,64
31-Jul-2014,56,60,47
31-Jul-2014,33,53,66
31-Jul-2014,42,35,49
31-Jul-2014,45,39,45
31-Jul-2014,42,44,45
31-Jul-2014,47,52,42
31-Jul-2014,30,41,42
31-Jul-2014,48,30,45
31-Jul-2014,44,35,56
31-Jul-2014,38.5,41,65
31-Jul-2014,37,38,60
31-Jul-2014,31,34,68
31-Jul-2014,41,50,70
31-Jul-2014,51,44.5,49
31-Jul-2014,47,49,57
31-Jul-2014,49,33.5,56
07-Aug-2014,37,44,64
07-Aug-2014,32,80,35
07-Aug-2014,49,55,42
07-Aug-2014,29,50,40
07-Aug-2014,34,53,42
07-Aug-2014,32,49,55
07-Aug-2014,45,45,37
07-Aug-2014,25,38,43
07-Aug-2014,35,74,44
07-Aug-2014,37,60,60
07-Aug-2014,40,57,65
07-Aug-2014,49,44,59
07-Aug-2014,47,52,46
07-Aug-2014,47,31,36
07-Aug-2014,27,38,61
07-Aug-2014,52,71,38
07-Aug-2014,56,54,46
07-Aug-2014,38,37,56
07-Aug-2014,24,35,49
07-Aug-2014,40,30,56
07-Aug-2014,56,56,64
07-Aug-2014,49,37,46
07-Aug-2014,38,54,41
07-Aug-2014,34,62,48
07-Aug-2014,57,51,47
07-Aug-2014,40,45,37
07-Aug-2014,45,55,44
07-Aug-2014,45,60,60
07-Aug-2014,31,37,50
07-Aug-2014,30,44,40
07-Aug-2014,56,58,43
07-Aug-2014,39,57,46
07-Aug-2014,45,39,50
07-Aug-2014,58,37,66
07-Aug-2014,44,44,51
07-Aug-2014,46,46,60
07-Aug-2014,54,57,47
07-Aug-2014,38,61,50
07-Aug-2014,34,60,36
07-Aug-2014,36,45,67
07-Aug-2014,37,34,39
07-Aug-2014,51,59,35
07-Aug-2014,39,49,69
07-Aug-2014,45,61,60
07-Aug-2014,44,47,58
07-Aug-2014,49,41,52
07-Aug-2014,47,42,54
07-Aug-2014,37,49,56
07-Aug-2014,60,42,54
07-Aug-2014,50,40,43
07-Aug-2014,35,39,74
07-Aug-2014,30,42,50
07-Aug-2014,36,50,47
07-Aug-2014,53,49,62
07-Aug-2014,37,46,54
07-Aug-2014,52,46,59
07-Aug-2014,41,56,39
07-Aug-2014,44,36,33
07-Aug-2014,37,35,64
07-Aug-2014,31,50,63
07-Aug-2014,30,34,56
07-Aug-2014,32,37,47
07-Aug-2014,43,31,61
07-Aug-2014,45,40,54
07-Aug-2014,45,49,60
07-Aug-2014,45,60,45
07-Aug-2014,51,59,76
07-Aug-2014,26,62,57
07-Aug-2014,29,40,44
07-Aug-2014,40,36,32
07-Aug-2014,39,46,49
07-Aug-2014,45,39,46
07-Aug-2014,27,46,45
07-Aug-2014,34,59,43
07-Aug-2014,46,43,43
07-Aug-2014,51,50,60
07-Aug-2014,45,46,68
07-Aug-2014,52,35,49
07-Aug-2014,26,41,56
07-Aug-2014,32,42,75
07-Aug-2014,30,55,57
07-Aug-2014,44,55,50
07-Aug-2014,39,49,57
07-Aug-2014,34,35,55
23-Aug-2014,46,55,53
23-Aug-2014,40,56,56
23-Aug-2014,37,50,31
23-Aug-2014,43,55,54
23-Aug-2014,47,56,56
23-Aug-2014,44,37,43
23-Aug-2014,40,50,60
23-Aug-2014,40,55,65
23-Aug-2014,46,62,64
23-Aug-2014,58,56,51
23-Aug-2014,41,66,58
23-Aug-2014,46,50,59
23-Aug-2014,54,56,60
23-Aug-2014,44,74,44
23-Aug-2014,51,54,59
23-Aug-2014,50,50,47
23-Aug-2014,45,66,65
23-Aug-2014,53,62,50
23-Aug-2014,47,66,42
23-Aug-2014,48,72,41
23-Aug-2014,37,63,63
23-Aug-2014,36,66,64
23-Aug-2014,50,56,60
23-Aug-2014,56,44,41
23-Aug-2014,61,63,68
23-Aug-2014,54,72,48
23-Aug-2014,40,62,57
23-Aug-2014,40,50,61
23-Aug-2014,41,49,65
23-Aug-2014,39,44,62
23-Aug-2014,45,68,61
23-Aug-2014,44,52,55
23-Aug-2014,50,52,70
23-Aug-2014,50,37,46
23-Aug-2014,62,41,61
23-Aug-2014,63,59,55
23-Aug-2014,52,80,55
23-Aug-2014,46,47,50
23-Aug-2014,58,43,51
23-Aug-2014,47,65,63
23-Aug-2014,50,48,54
23-Aug-2014,56,46,44
23-Aug-2014,37,53,58
23-Aug-2014,52,76,64
23-Aug-2014,51,57,59
23-Aug-2014,50,59,53
23-Aug-2014,57,53,45
23-Aug-2014,50,55,61
23-Aug-2014,55,49,62
23-Aug-2014,60,43,46
23-Aug-2014,36,48,70
23-Aug-2014,38,62,64
23-Aug-2014,45,52,56
23-Aug-2014,59,55,54
23-Aug-2014,60,62,40
23-Aug-2014,49,54,48
23-Aug-2014,53,72,70
23-Aug-2014,52,44,47
23-Aug-2014,45,59,65
23-Aug-2014,50,62,70
23-Aug-2014,37,48,54
23-Aug-2014,38,54,62
23-Aug-2014,46,53,50
23-Aug-2014,56,55,54
23-Aug-2014,45,60,53
23-Aug-2014,46,79,53
23-Aug-2014,50,65,62
23-Aug-2014,43,80,63
23-Aug-2014,34,52,50
23-Aug-2014,63,59,73
23-Aug-2014,48,57,57
23-Aug-2014,53,51,50
23-Aug-2014,41,50,68
23-Aug-2014,38,74,66
23-Aug-2014,62,63,60
23-Aug-2014,54,48,62
23-Aug-2014,52,55,63
23-Aug-2014,56,55,60
23-Aug-2014,40,64,55
23-Aug-2014,39,62,58
23-Aug-2014,35,65,62
23-Aug-2014,42,66,38
23-Aug-2014,47,67,49
23-Aug-2014,46,40,48
01-Sep-2014,50,55,66
01-Sep-2014,53,67,66
01-Sep-2014,45,56,70
01-Sep-2014,55,73,67
01-Sep-2014,55,66,55
01-Sep-2014,56,51,65
01-Sep-2014,57,56,60
01-Sep-2014,55,56,70
01-Sep-2014,53,49,79
01-Sep-2014,65,50,80
01-Sep-2014,45,51,80
01-Sep-2014,37,64,70
01-Sep-2014,39,57,69
01-Sep-2014,45,54,76
01-Sep-2014,45,58,49
01-Sep-2014,60,54,52
01-Sep-2014,55,63,74
01-Sep-2014,55,60,47
01-Sep-2014,56,50,75
01-Sep-2014,52,62,85
01-Sep-2014,47,55,56
01-Sep-2014,43,48,53
01-Sep-2014,40,49,55
01-Sep-2014,51,61,59
01-Sep-2014,54,60,57
01-Sep-2014,50,63,61
01-Sep-2014,54,59,82
01-Sep-2014,63,67,73
01-Sep-2014,42,53,60
01-Sep-2014,49,56,71
01-Sep-2014,37,49,61
01-Sep-2014,60,57,56
01-Sep-2014,54,54,50
01-Sep-2014,50,67,77
01-Sep-2014,41,61,70
01-Sep-2014,68,61,58
01-Sep-2014,58,55,75
01-Sep-2014,57,58,63
01-Sep-2014,41,51,85
01-Sep-2014,40,61,71
01-Sep-2014,37,66,53
01-Sep-2014,50,66,68
01-Sep-2014,46,65,61
01-Sep-2014,51,45,51
01-Sep-2014,35,55,55
01-Sep-2014,42,78,62
01-Sep-2014,48,65,50
01-Sep-2014,66,65,66
01-Sep-2014,50,73,57
01-Sep-2014,47,68,54
01-Sep-2014,59,72,66
01-Sep-2014,49,56,55
01-Sep-2014,62,65,57
01-Sep-2014,44,64,64
01-Sep-2014,45,51,70
01-Sep-2014,44,50,65
01-Sep-2014,52,51,58
01-Sep-2014,42,43,60
01-Sep-2014,40,57,60
01-Sep-2014,40,35,48
01-Sep-2014,42,55,42
01-Sep-2014,51,70,63
01-Sep-2014,34,43,66
01-Sep-2014,44,55,79
01-Sep-2014,44,60,66
01-Sep-2014,56,55,68
01-Sep-2014,49,73,64
01-Sep-2014,74,56,50
01-Sep-2014,52,45,64
01-Sep-2014,49,55,46
01-Sep-2014,40,65,51
01-Sep-2014,60,71,63
01-Sep-2014,63,66,58
01-Sep-2014,42,54,72
01-Sep-2014,50,60,68
01-Sep-2014,46,70,41
01-Sep-2014,60,64,49
01-Sep-2014,41,50,42
01-Sep-2014,45,50,59
01-Sep-2014,51,56,72
01-Sep-2014,48,66,61
01-Sep-2014,60,67,64
01-Sep-2014,50,67,49
01-Sep-2014,51,63,65
